"time","G_11.y","G_22.y","IAE_1.y","IAE_2.y","IE_1.y","IE_2.y","r_11.y","r_22.y"
0,0,0,0,0,0,0,1,0
1,1.03342,0,0.277315,0,0.271029,0,1,0
2,1.02719,0,0.319726,0,0.228618,0,1,0
3,1.00362,0,0.332436,0,0.215908,0,1,0
4,0.999986,0,0.333545,0,0.214799,0,1,0
5,0.999919,0,0.333645,0,0.214899,0,1,0
6,0.999987,0,0.333685,0,0.214939,0,1,0
7,1,0,0.333689,0,0.214944,0,1,0
8,1,0,0.33369,0,0.214943,0,1,0
9,1,0,0.33369,0,0.214943,0,1,0
10,1,0,0.33369,0,0.214943,0,1,0
11,1,0,0.33369,0,0.214943,0,1,0
12,1,0,0.33369,0,0.214943,0,1,0
13,1,0,0.33369,0,0.214943,0,1,0
14,1,0,0.33369,0,0.214943,0,1,0
15,1,0,0.33369,0,0.214943,0,1,0
16,1,0,0.33369,0,0.214943,0,1,0
17,1,0,0.33369,0,0.214943,0,1,0
18,1,0,0.33369,0,0.214943,0,1,0
19,1,0,0.33369,0,0.214943,0,1,0
20,1,0,0.33369,0,0.214943,0,1,0
21,1,0,0.33369,0,0.214943,0,1,0
22,1,0,0.33369,0,0.214943,0,1,0
23,1,0,0.33369,0,0.214943,0,1,0
24,1,0,0.33369,0,0.214943,0,1,0
25,1,0,0.33369,0,0.214943,0,1,0
26,1,0,0.33369,0,0.214943,0,1,0
27,1,0,0.33369,0,0.214943,0,1,0
28,1,0,0.33369,0,0.214943,0,1,0
29,1,0,0.33369,0,0.214943,0,1,0
30,1,0,0.33369,0,0.214943,0,1,0
31,1,0,0.33369,0,0.214943,0,1,0
32,1,0,0.33369,0,0.214943,0,1,0
33,1,0,0.33369,0,0.214943,0,1,0
34,1,0,0.33369,0,0.214943,0,1,0
35,1,0,0.33369,0,0.214943,0,1,0
36,1,0,0.33369,0,0.214943,0,1,0
37,1,0,0.33369,0,0.214943,0,1,0
38,1,0,0.33369,0,0.214943,0,1,0
39,1,0,0.33369,0,0.214943,0,1,0
40,1,0,0.33369,0,0.214943,0,1,0
41,1,0,0.33369,0,0.214943,0,1,0
42,1,0,0.33369,0,0.214943,0,1,0
43,1,0,0.33369,0,0.214943,0,1,0
44,1,0,0.33369,0,0.214943,0,1,0
45,1,0,0.33369,0,0.214943,0,1,0
46,1,0,0.33369,0,0.214943,0,1,0
47,1,0,0.33369,0,0.214943,0,1,0
48,1,0,0.33369,0,0.214943,0,1,0
49,1,0,0.33369,0,0.214943,0,1,0
50,1,0,0.33369,0,0.214943,0,1,0
51,1,0,0.33369,0,0.214943,0,1,0
52,1,0,0.33369,0,0.214943,0,1,0
53,1,0,0.33369,0,0.214943,0,1,0
54,1,0,0.33369,0,0.214943,0,1,0
55,1,0,0.33369,0,0.214943,0,1,0
56,1,0,0.33369,0,0.214943,0,1,0
57,1,0,0.33369,0,0.214943,0,1,0
58,1,0,0.33369,0,0.214943,0,1,0
59,1,0,0.33369,0,0.214943,0,1,0
60,1,0,0.33369,0,0.214943,0,1,0
61,1,0,0.33369,0,0.214943,0,1,0
62,1,0,0.33369,0,0.214943,0,1,0
63,1,0,0.33369,0,0.214943,0,1,0
64,1,0,0.33369,0,0.214943,0,1,0
65,1,0,0.33369,0,0.214943,0,1,0
66,1,0,0.33369,0,0.214943,0,1,0
67,1,0,0.33369,0,0.214943,0,1,0
68,1,0,0.33369,0,0.214943,0,1,0
69,1,0,0.33369,0,0.214943,0,1,0
70,1,0,0.33369,0,0.214943,0,1,0
71,1,0,0.33369,0,0.214943,0,1,0
72,1,0,0.33369,0,0.214943,0,1,0
73,1,0,0.33369,0,0.214943,0,1,0
74,1,0,0.33369,0,0.214943,0,1,0
75,1,0,0.33369,0,0.214943,0,1,0
76,1,0,0.33369,0,0.214943,0,1,0
77,1,0,0.33369,0,0.214943,0,1,0
78,1,0,0.33369,0,0.214943,0,1,0
79,1,0,0.33369,0,0.214943,0,1,0
80,1,0,0.33369,0,0.214943,0,1,0
81,1,0,0.33369,0,0.214943,0,1,0
82,1,0,0.33369,0,0.214943,0,1,0
83,1,0,0.33369,0,0.214943,0,1,0
84,1,0,0.33369,0,0.214943,0,1,0
85,1,0,0.33369,0,0.214943,0,1,0
86,1,0,0.33369,0,0.214943,0,1,0
87,1,0,0.33369,0,0.214943,0,1,0
88,1,0,0.33369,0,0.214943,0,1,0
89,1,0,0.33369,0,0.214943,0,1,0
90,1,0,0.33369,0,0.214943,0,1,0
91,1,0,0.33369,0,0.214943,0,1,0
92,1,0,0.33369,0,0.214943,0,1,0
93,1,0,0.33369,0,0.214943,0,1,0
94,1,0,0.33369,0,0.214943,0,1,0
95,1,0,0.33369,0,0.214943,0,1,0
96,1,0,0.33369,0,0.214943,0,1,0
97,1,0,0.33369,0,0.214943,0,1,0
98,1,0,0.33369,0,0.214943,0,1,0
99,1,0,0.33369,0,0.214943,0,1,0
100,1,0,0.33369,0,0.214943,0,1,0
100,1,0,0.33369,0,0.214943,0,1,0
100,1,0,0.33369,0,0.214943,0,1,0
100,1,0,0.33369,0,0.214943,0,0,1
101,-0.0334241,1.03342,0.611004,0.277315,-0.0560857,0.271029,0,1
102,-0.0271919,1.02719,0.653415,0.319726,-0.0136745,0.228618,0,1
103,-0.00362382,1.00362,0.666125,0.332436,-0.000964556,0.215908,0,1
104,1.36549e-5,0.999986,0.667234,0.333545,0.000144216,0.214799,0,1
105,8.13311e-5,0.999919,0.667334,0.333645,4.4157e-5,0.214899,0,1
106,1.27241e-5,0.999987,0.667375,0.333685,3.92059e-6,0.214939,0,1
107,2.61091e-7,1,0.667379,0.333689,-3.36598e-7,0.214944,0,1
108,-2.3615e-7,1,0.667379,0.33369,-1.39555e-7,0.214943,0,1
109,-4.36574e-8,1,0.667379,0.33369,-1.50437e-8,0.214943,0,1
110,-1.74724e-9,1,0.667379,0.33369,6.64242e-10,0.214943,0,1
111,6.07385e-10,1,0.667379,0.33369,4.03731e-10,0.214943,0,1
112,1.21826e-10,1,0.667379,0.33369,4.21832e-11,0.214943,0,1
113,4.11062e-12,1,0.667379,0.33369,-2.22334e-12,0.214943,0,1
114,1.47051e-12,1,0.667379,0.33369,-8.72532e-14,0.214943,0,1
115,2.78339e-13,1,0.667379,0.33369,-1.95813e-13,0.214943,0,1
116,-6.50735e-14,1,0.667379,0.33369,-1.33029e-13,0.214943,0,1
117,-5.52376e-14,1,0.667379,0.33369,-9.8683e-14,0.214943,0,1
118,-4.54017e-14,1,0.667379,0.33369,-6.43366e-14,0.214943,0,1
119,-3.55658e-14,1,0.667379,0.33369,-2.99902e-14,0.214943,0,1
120,-3.01923e-14,1,0.667379,0.33369,-2.24661e-14,0.214943,0,1
121,-2.54504e-14,1,0.667379,0.33369,-1.8738e-14,0.214943,0,1
122,-2.07084e-14,1,0.667379,0.33369,-1.50099e-14,0.214943,0,1
123,-1.59664e-14,1,0.667379,0.33369,-1.12819e-14,0.214943,0,1
124,-1.12244e-14,1,0.667379,0.33369,-7.55382e-15,0.214943,0,1
125,-6.48245e-15,1,0.667379,0.33369,-3.82575e-15,0.214943,0,1
126,-3.61203e-15,1,0.667379,0.33369,-1.59608e-15,0.214943,0,1
127,-3.33521e-15,1,0.667379,0.33369,-1.44287e-15,0.214943,0,1
128,-3.05838e-15,1,0.667379,0.33369,-1.28965e-15,0.214943,0,1
129,-2.78156e-15,1,0.667379,0.33369,-1.13644e-15,0.214943,0,1
130,-2.50473e-15,1,0.667379,0.33369,-9.83223e-16,0.214943,0,1
131,-2.22791e-15,1,0.667379,0.33369,-8.30009e-16,0.214943,0,1
132,-1.95108e-15,1,0.667379,0.33369,-6.76795e-16,0.214943,0,1
133,-1.67426e-15,1,0.667379,0.33369,-5.2358e-16,0.214943,0,1
134,-1.39743e-15,1,0.667379,0.33369,-3.70366e-16,0.214943,0,1
135,-1.12061e-15,1,0.667379,0.33369,-2.17152e-16,0.214943,0,1
136,-8.43782e-16,1,0.667379,0.33369,-6.39374e-17,0.214943,0,1
137,-5.66956e-16,1,0.667379,0.33369,8.92769e-17,0.214943,0,1
138,-2.90131e-16,1,0.667379,0.33369,2.42491e-16,0.214943,0,1
139,-1.50266e-16,1,0.667379,0.33369,3.19554e-16,0.214943,0,1
140,-1.44432e-16,1,0.667379,0.33369,3.22094e-16,0.214943,0,1
141,-1.38598e-16,1,0.667379,0.33369,3.24634e-16,0.214943,0,1
142,-1.32764e-16,1,0.667379,0.33369,3.27174e-16,0.214943,0,1
143,-1.2693e-16,1,0.667379,0.33369,3.29713e-16,0.214943,0,1
144,-1.21096e-16,1,0.667379,0.33369,3.32253e-16,0.214943,0,1
145,-1.15263e-16,1,0.667379,0.33369,3.34793e-16,0.214943,0,1
146,-1.09429e-16,1,0.667379,0.33369,3.37333e-16,0.214943,0,1
147,-1.03595e-16,1,0.667379,0.33369,3.39873e-16,0.214943,0,1
148,-9.77609e-17,1,0.667379,0.33369,3.42413e-16,0.214943,0,1
149,-9.1927e-17,1,0.667379,0.33369,3.44953e-16,0.214943,0,1
150,-8.60932e-17,1,0.667379,0.33369,3.47492e-16,0.214943,0,1
151,-8.02593e-17,1,0.667379,0.33369,3.50032e-16,0.214943,0,1
152,-7.44254e-17,1,0.667379,0.33369,3.52572e-16,0.214943,0,1
153,-6.85915e-17,1,0.667379,0.33369,3.55112e-16,0.214943,0,1
154,-6.27577e-17,1,0.667379,0.33369,3.57652e-16,0.214943,0,1
155,-5.69238e-17,1,0.667379,0.33369,3.60192e-16,0.214943,0,1
156,-5.10899e-17,1,0.667379,0.33369,3.62732e-16,0.214943,0,1
157,-4.5256e-17,1,0.667379,0.33369,3.65271e-16,0.214943,0,1
158,-3.94221e-17,1,0.667379,0.33369,3.67811e-16,0.214943,0,1
159,-3.35883e-17,1,0.667379,0.33369,3.70351e-16,0.214943,0,1
160,-2.77544e-17,1,0.667379,0.33369,3.72891e-16,0.214943,0,1
161,-2.19205e-17,1,0.667379,0.33369,3.75431e-16,0.214943,0,1
162,-1.60866e-17,1,0.667379,0.33369,3.77971e-16,0.214943,0,1
163,-1.02527e-17,1,0.667379,0.33369,3.80511e-16,0.214943,0,1
164,-4.41886e-18,1,0.667379,0.33369,3.8305e-16,0.214943,0,1
165,-2.50673e-18,1,0.667379,0.33369,3.83879e-16,0.214943,0,1
166,-2.45787e-18,1,0.667379,0.33369,3.83895e-16,0.214943,0,1
167,-2.40902e-18,1,0.667379,0.33369,3.83912e-16,0.214943,0,1
168,-2.36016e-18,1,0.667379,0.33369,3.83928e-16,0.214943,0,1
169,-2.3113e-18,1,0.667379,0.33369,3.83944e-16,0.214943,0,1
170,-2.26244e-18,1,0.667379,0.33369,3.8396e-16,0.214943,0,1
171,-2.21358e-18,1,0.667379,0.33369,3.83976e-16,0.214943,0,1
172,-2.16473e-18,1,0.667379,0.33369,3.83992e-16,0.214943,0,1
173,-2.11587e-18,1,0.667379,0.33369,3.84008e-16,0.214943,0,1
174,-2.06701e-18,1,0.667379,0.33369,3.84024e-16,0.214943,0,1
175,-2.01815e-18,1,0.667379,0.33369,3.8404e-16,0.214943,0,1
176,-1.96929e-18,1,0.667379,0.33369,3.84056e-16,0.214943,0,1
177,-1.92043e-18,1,0.667379,0.33369,3.84072e-16,0.214943,0,1
178,-1.87158e-18,1,0.667379,0.33369,3.84088e-16,0.214943,0,1
179,-1.82272e-18,1,0.667379,0.33369,3.84105e-16,0.214943,0,1
180,-1.77386e-18,1,0.667379,0.33369,3.84121e-16,0.214943,0,1
181,-1.725e-18,1,0.667379,0.33369,3.84137e-16,0.214943,0,1
182,-1.67614e-18,1,0.667379,0.33369,3.84153e-16,0.214943,0,1
183,-1.62729e-18,1,0.667379,0.33369,3.84169e-16,0.214943,0,1
184,-1.57843e-18,1,0.667379,0.33369,3.84185e-16,0.214943,0,1
185,-1.52957e-18,1,0.667379,0.33369,3.84201e-16,0.214943,0,1
186,-1.48071e-18,1,0.667379,0.33369,3.84217e-16,0.214943,0,1
187,-1.43185e-18,1,0.667379,0.33369,3.84233e-16,0.214943,0,1
188,-1.38299e-18,1,0.667379,0.33369,3.84249e-16,0.214943,0,1
189,-1.33414e-18,1,0.667379,0.33369,3.84265e-16,0.214943,0,1
190,-1.28528e-18,1,0.667379,0.33369,3.84282e-16,0.214943,0,1
191,-1.23642e-18,1,0.667379,0.33369,3.84298e-16,0.214943,0,1
192,-1.18756e-18,1,0.667379,0.33369,3.84314e-16,0.214943,0,1
193,-1.1387e-18,1,0.667379,0.33369,3.8433e-16,0.214943,0,1
194,-1.08985e-18,1,0.667379,0.33369,3.84346e-16,0.214943,0,1
195,-1.04099e-18,1,0.667379,0.33369,3.84362e-16,0.214943,0,1
196,-9.92129e-19,1,0.667379,0.33369,3.84378e-16,0.214943,0,1
197,-9.43271e-19,1,0.667379,0.33369,3.84394e-16,0.214943,0,1
198,-8.94413e-19,1,0.667379,0.33369,3.8441e-16,0.214943,0,1
199,-8.45555e-19,1,0.667379,0.33369,3.84426e-16,0.214943,0,1
200,-7.96697e-19,1,0.667379,0.33369,3.84442e-16,0.214943,0,1
200,-7.96697e-19,1,0.667379,0.33369,3.84442e-16,0.214943,1,1
200,6.29962e-12,1,0.667379,0.33369,2.23113e-12,0.214943,1,1
200,6.29962e-12,1,0.667379,0.33369,2.23113e-12,0.214943,1,0
201,1.03342,-0.0334241,0.944694,0.611004,0.271029,-0.0560857,1,0
202,1.02719,-0.0271919,0.987105,0.653415,0.228618,-0.0136745,1,0
203,1.00362,-0.00362382,0.999815,0.666125,0.215908,-0.000964556,1,0
204,0.999986,1.36549e-5,1.00092,0.667234,0.214799,0.000144216,1,0
205,0.999919,8.13314e-5,1.00102,0.667334,0.214899,4.41572e-5,1,0
206,0.999987,1.27241e-5,1.00106,0.667375,0.214939,3.92047e-6,1,0
207,1,2.60987e-7,1.00107,0.667379,0.214944,-3.36665e-7,1,0
208,1,-2.36129e-7,1.00107,0.667379,0.214943,-1.39541e-7,1,0
209,1,-4.34289e-8,1.00107,0.667379,0.214943,-1.49609e-8,1,0
210,1,-1.78912e-9,1.00107,0.667379,0.214943,6.43418e-10,1,0
211,1,6.22583e-10,1.00107,0.667379,0.214943,3.94693e-10,1,0
212,1,1.21235e-10,1.00107,0.667379,0.214943,4.28154e-11,1,0
213,1,3.81225e-12,1.00107,0.667379,0.214943,6.22275e-13,1,0
214,1,-1.80985e-12,1.00107,0.667379,0.214943,-5.09857e-13,1,0
215,1,-5.62813e-13,1.00107,0.667379,0.214943,-1.01599e-13,1,0
216,1,-2.88495e-13,1.00107,0.667379,0.214943,-4.10655e-14,1,0
217,1,-5.82398e-14,1.00107,0.667379,0.214943,9.04013e-15,1,0
218,1,-4.4669e-14,1.00107,0.667379,0.214943,7.86833e-15,1,0
219,1,-3.10982e-14,1.00107,0.667379,0.214943,6.69653e-15,1,0
220,1,-1.75274e-14,1.00107,0.667379,0.214943,5.52473e-15,1,0
221,1,-3.95658e-15,1.00107,0.667379,0.214943,4.35293e-15,1,0
222,1,1.11853e-15,1.00107,0.667379,0.214943,3.66552e-15,1,0
223,1,1.03291e-15,1.00107,0.667379,0.214943,3.27236e-15,1,0
224,1,9.47287e-16,1.00107,0.667379,0.214943,2.87919e-15,1,0
225,1,8.61664e-16,1.00107,0.667379,0.214943,2.48603e-15,1,0
226,1,7.76042e-16,1.00107,0.667379,0.214943,2.09286e-15,1,0
227,1,6.90419e-16,1.00107,0.667379,0.214943,1.6997e-15,1,0
228,1,6.04796e-16,1.00107,0.667379,0.214943,1.30653e-15,1,0
229,1,5.19173e-16,1.00107,0.667379,0.214943,9.13369e-16,1,0
230,1,4.33551e-16,1.00107,0.667379,0.214943,5.20204e-16,1,0
231,1,3.82216e-16,1.00107,0.667379,0.214943,3.26166e-16,1,0
232,1,3.61493e-16,1.00107,0.667379,0.214943,3.09899e-16,1,0
233,1,3.40771e-16,1.00107,0.667379,0.214943,2.93633e-16,1,0
234,1,3.20048e-16,1.00107,0.667379,0.214943,2.77367e-16,1,0
235,1,2.99325e-16,1.00107,0.667379,0.214943,2.61101e-16,1,0
236,1,2.78602e-16,1.00107,0.667379,0.214943,2.44835e-16,1,0
237,1,2.57879e-16,1.00107,0.667379,0.214943,2.28569e-16,1,0
238,1,2.37156e-16,1.00107,0.667379,0.214943,2.12303e-16,1,0
239,1,2.16433e-16,1.00107,0.667379,0.214943,1.96037e-16,1,0
240,1,1.9571e-16,1.00107,0.667379,0.214943,1.79771e-16,1,0
241,1,1.74987e-16,1.00107,0.667379,0.214943,1.63505e-16,1,0
242,1,1.54264e-16,1.00107,0.667379,0.214943,1.47239e-16,1,0
243,1,1.33542e-16,1.00107,0.667379,0.214943,1.30973e-16,1,0
244,1,1.12819e-16,1.00107,0.667379,0.214943,1.14707e-16,1,0
245,1,9.20957e-17,1.00107,0.667379,0.214943,9.84408e-17,1,0
246,1,7.13728e-17,1.00107,0.667379,0.214943,8.21747e-17,1,0
247,1,5.06499e-17,1.00107,0.667379,0.214943,6.59087e-17,1,0
248,1,2.9927e-17,1.00107,0.667379,0.214943,4.96426e-17,1,0
249,1,1.61159e-17,1.00107,0.667379,0.214943,3.88371e-17,1,0
250,1,1.56754e-17,1.00107,0.667379,0.214943,3.85949e-17,1,0
251,1,1.52349e-17,1.00107,0.667379,0.214943,3.83527e-17,1,0
252,1,1.47944e-17,1.00107,0.667379,0.214943,3.81104e-17,1,0
253,1,1.43539e-17,1.00107,0.667379,0.214943,3.78682e-17,1,0
254,1,1.39134e-17,1.00107,0.667379,0.214943,3.7626e-17,1,0
255,1,1.34728e-17,1.00107,0.667379,0.214943,3.73838e-17,1,0
256,1,1.30323e-17,1.00107,0.667379,0.214943,3.71415e-17,1,0
257,1,1.25918e-17,1.00107,0.667379,0.214943,3.68993e-17,1,0
258,1,1.21513e-17,1.00107,0.667379,0.214943,3.66571e-17,1,0
259,1,1.17108e-17,1.00107,0.667379,0.214943,3.64148e-17,1,0
260,1,1.12703e-17,1.00107,0.667379,0.214943,3.61726e-17,1,0
261,1,1.08297e-17,1.00107,0.667379,0.214943,3.59304e-17,1,0
262,1,1.03892e-17,1.00107,0.667379,0.214943,3.56882e-17,1,0
263,1,9.94871e-18,1.00107,0.667379,0.214943,3.54459e-17,1,0
264,1,9.50819e-18,1.00107,0.667379,0.214943,3.52037e-17,1,0
265,1,9.06767e-18,1.00107,0.667379,0.214943,3.49615e-17,1,0
266,1,8.62716e-18,1.00107,0.667379,0.214943,3.47192e-17,1,0
267,1,8.18664e-18,1.00107,0.667379,0.214943,3.4477e-17,1,0
268,1,7.74613e-18,1.00107,0.667379,0.214943,3.42348e-17,1,0
269,1,7.30561e-18,1.00107,0.667379,0.214943,3.39926e-17,1,0
270,1,6.86509e-18,1.00107,0.667379,0.214943,3.37503e-17,1,0
271,1,6.42458e-18,1.00107,0.667379,0.214943,3.35081e-17,1,0
272,1,5.98406e-18,1.00107,0.667379,0.214943,3.32659e-17,1,0
273,1,5.54354e-18,1.00107,0.667379,0.214943,3.30236e-17,1,0
274,1,5.10303e-18,1.00107,0.667379,0.214943,3.27814e-17,1,0
275,1,4.66251e-18,1.00107,0.667379,0.214943,3.25392e-17,1,0
276,1,4.22199e-18,1.00107,0.667379,0.214943,3.22969e-17,1,0
277,1,3.78148e-18,1.00107,0.667379,0.214943,3.20547e-17,1,0
278,1,3.34096e-18,1.00107,0.667379,0.214943,3.18125e-17,1,0
279,1,2.90045e-18,1.00107,0.667379,0.214943,3.15703e-17,1,0
280,1,2.45993e-18,1.00107,0.667379,0.214943,3.1328e-17,1,0
281,1,2.01941e-18,1.00107,0.667379,0.214943,3.10858e-17,1,0
282,1,1.5789e-18,1.00107,0.667379,0.214943,3.08436e-17,1,0
283,1,1.13838e-18,1.00107,0.667379,0.214943,3.06013e-17,1,0
284,1,6.97863e-19,1.00107,0.667379,0.214943,3.03591e-17,1,0
285,1,2.57347e-19,1.00107,0.667379,0.214943,3.01169e-17,1,0
286,1,2.39033e-19,1.00107,0.667379,0.214943,3.01072e-17,1,0
287,1,2.35723e-19,1.00107,0.667379,0.214943,3.01058e-17,1,0
288,1,2.32413e-19,1.00107,0.667379,0.214943,3.01043e-17,1,0
289,1,2.29103e-19,1.00107,0.667379,0.214943,3.01029e-17,1,0
290,1,2.25793e-19,1.00107,0.667379,0.214943,3.01015e-17,1,0
291,1,2.22483e-19,1.00107,0.667379,0.214943,3.01e-17,1,0
292,1,2.19173e-19,1.00107,0.667379,0.214943,3.00986e-17,1,0
293,1,2.15863e-19,1.00107,0.667379,0.214943,3.00972e-17,1,0
294,1,2.12553e-19,1.00107,0.667379,0.214943,3.00958e-17,1,0
295,1,2.09243e-19,1.00107,0.667379,0.214943,3.00943e-17,1,0
296,1,2.05933e-19,1.00107,0.667379,0.214943,3.00929e-17,1,0
297,1,2.02623e-19,1.00107,0.667379,0.214943,3.00915e-17,1,0
298,1,1.99313e-19,1.00107,0.667379,0.214943,3.009e-17,1,0
299,1,1.96003e-19,1.00107,0.667379,0.214943,3.00886e-17,1,0
300,1,1.92693e-19,1.00107,0.667379,0.214943,3.00872e-17,1,0
300,1,1.92693e-19,1.00107,0.667379,0.214943,3.00872e-17,1,1
300,1,9.42987e-12,1.00107,0.667379,0.214943,3.33922e-12,1,1
300,1,9.42987e-12,1.00107,0.667379,0.214943,3.33922e-12,0,1
301,-0.0334241,1.03342,1.27838,0.944694,-0.0560857,0.271029,0,1
302,-0.0271919,1.02719,1.32079,0.987105,-0.0136745,0.228618,0,1
303,-0.00362382,1.00362,1.3335,0.999815,-0.000964556,0.215908,0,1
304,1.36552e-5,0.999986,1.33461,1.00092,0.000144216,0.214799,0,1
305,8.13315e-5,0.999919,1.33471,1.00102,4.41572e-5,0.214899,0,1
306,1.2724e-5,0.999987,1.33475,1.00106,3.92044e-6,0.214939,0,1
307,2.61e-7,1,1.33476,1.00107,-3.36667e-7,0.214944,0,1
308,-2.36079e-7,1,1.33476,1.00107,-1.39523e-7,0.214943,0,1
309,-4.34477e-8,1,1.33476,1.00107,-1.49661e-8,0.214943,0,1
310,-1.79879e-9,1,1.33476,1.00107,6.46033e-10,0.214943,0,1
311,6.39493e-10,1,1.33476,1.00107,4.08656e-10,0.214943,0,1
312,1.25691e-10,1,1.33476,1.00107,4.58482e-11,0.214943,0,1
313,8.48353e-12,1,1.33476,1.00107,2.75159e-12,0.214943,0,1
314,8.19046e-13,1,1.33476,1.00107,2.31498e-13,0.214943,0,1
315,2.13423e-13,1,1.33476,1.00107,3.57906e-14,0.214943,0,1
316,5.4731e-14,1,1.33476,1.00107,-1.74486e-15,0.214943,0,1
317,2.45749e-14,1,1.33476,1.00107,-3.34608e-15,0.214943,0,1
318,1.46446e-15,1,1.33476,1.00107,-4.33827e-15,0.214943,0,1
319,8.90271e-16,1,1.33476,1.00107,-3.38243e-15,0.214943,0,1
320,3.16085e-16,1,1.33476,1.00107,-2.42659e-15,0.214943,0,1
321,-2.581e-16,1,1.33476,1.00107,-1.47075e-15,0.214943,0,1
322,-8.32285e-16,1,1.33476,1.00107,-5.14918e-16,0.214943,0,1
323,-8.80035e-16,1,1.33476,1.00107,-2.34233e-16,0.214943,0,1
324,-7.83449e-16,1,1.33476,1.00107,-1.38657e-16,0.214943,0,1
325,-6.86863e-16,1,1.33476,1.00107,-4.30811e-17,0.214943,0,1
326,-5.90277e-16,1,1.33476,1.00107,5.24946e-17,0.214943,0,1
327,-4.93691e-16,1,1.33476,1.00107,1.4807e-16,0.214943,0,1
328,-3.97105e-16,1,1.33476,1.00107,2.43646e-16,0.214943,0,1
329,-3.00519e-16,1,1.33476,1.00107,3.39222e-16,0.214943,0,1
330,-2.03933e-16,1,1.33476,1.00107,4.34797e-16,0.214943,0,1
331,-1.07348e-16,1,1.33476,1.00107,5.30373e-16,0.214943,0,1
332,-9.10201e-17,1,1.33476,1.00107,5.44798e-16,0.214943,0,1
333,-8.58322e-17,1,1.33476,1.00107,5.47959e-16,0.214943,0,1
334,-8.06443e-17,1,1.33476,1.00107,5.5112e-16,0.214943,0,1
335,-7.54564e-17,1,1.33476,1.00107,5.54282e-16,0.214943,0,1
336,-7.02684e-17,1,1.33476,1.00107,5.57443e-16,0.214943,0,1
337,-6.50805e-17,1,1.33476,1.00107,5.60604e-16,0.214943,0,1
338,-5.98926e-17,1,1.33476,1.00107,5.63766e-16,0.214943,0,1
339,-5.47047e-17,1,1.33476,1.00107,5.66927e-16,0.214943,0,1
340,-4.95168e-17,1,1.33476,1.00107,5.70088e-16,0.214943,0,1
341,-4.43289e-17,1,1.33476,1.00107,5.7325e-16,0.214943,0,1
342,-3.9141e-17,1,1.33476,1.00107,5.76411e-16,0.214943,0,1
343,-3.3953e-17,1,1.33476,1.00107,5.79572e-16,0.214943,0,1
344,-2.87651e-17,1,1.33476,1.00107,5.82734e-16,0.214943,0,1
345,-2.35772e-17,1,1.33476,1.00107,5.85895e-16,0.214943,0,1
346,-1.83893e-17,1,1.33476,1.00107,5.89056e-16,0.214943,0,1
347,-1.32014e-17,1,1.33476,1.00107,5.92218e-16,0.214943,0,1
348,-8.01349e-18,1,1.33476,1.00107,5.95379e-16,0.214943,0,1
349,-3.15566e-18,1,1.33476,1.00107,5.98338e-16,0.214943,0,1
350,-3.06808e-18,1,1.33476,1.00107,5.9838e-16,0.214943,0,1
351,-2.9805e-18,1,1.33476,1.00107,5.98421e-16,0.214943,0,1
352,-2.89293e-18,1,1.33476,1.00107,5.98462e-16,0.214943,0,1
353,-2.80535e-18,1,1.33476,1.00107,5.98503e-16,0.214943,0,1
354,-2.71777e-18,1,1.33476,1.00107,5.98545e-16,0.214943,0,1
355,-2.63019e-18,1,1.33476,1.00107,5.98586e-16,0.214943,0,1
356,-2.54262e-18,1,1.33476,1.00107,5.98627e-16,0.214943,0,1
357,-2.45504e-18,1,1.33476,1.00107,5.98668e-16,0.214943,0,1
358,-2.36746e-18,1,1.33476,1.00107,5.98709e-16,0.214943,0,1
359,-2.27988e-18,1,1.33476,1.00107,5.98751e-16,0.214943,0,1
360,-2.1923e-18,1,1.33476,1.00107,5.98792e-16,0.214943,0,1
361,-2.10473e-18,1,1.33476,1.00107,5.98833e-16,0.214943,0,1
362,-2.01715e-18,1,1.33476,1.00107,5.98874e-16,0.214943,0,1
363,-1.92957e-18,1,1.33476,1.00107,5.98915e-16,0.214943,0,1
364,-1.84199e-18,1,1.33476,1.00107,5.98957e-16,0.214943,0,1
365,-1.75442e-18,1,1.33476,1.00107,5.98998e-16,0.214943,0,1
366,-1.66684e-18,1,1.33476,1.00107,5.99039e-16,0.214943,0,1
367,-1.57926e-18,1,1.33476,1.00107,5.9908e-16,0.214943,0,1
368,-1.49168e-18,1,1.33476,1.00107,5.99121e-16,0.214943,0,1
369,-1.4041e-18,1,1.33476,1.00107,5.99163e-16,0.214943,0,1
370,-1.31653e-18,1,1.33476,1.00107,5.99204e-16,0.214943,0,1
371,-1.22895e-18,1,1.33476,1.00107,5.99245e-16,0.214943,0,1
372,-1.14137e-18,1,1.33476,1.00107,5.99286e-16,0.214943,0,1
373,-1.05379e-18,1,1.33476,1.00107,5.99328e-16,0.214943,0,1
374,-9.66216e-19,1,1.33476,1.00107,5.99369e-16,0.214943,0,1
375,-8.78638e-19,1,1.33476,1.00107,5.9941e-16,0.214943,0,1
376,-7.91061e-19,1,1.33476,1.00107,5.99451e-16,0.214943,0,1
377,-7.03483e-19,1,1.33476,1.00107,5.99492e-16,0.214943,0,1
378,-6.15905e-19,1,1.33476,1.00107,5.99534e-16,0.214943,0,1
379,-5.28328e-19,1,1.33476,1.00107,5.99575e-16,0.214943,0,1
380,-4.4075e-19,1,1.33476,1.00107,5.99616e-16,0.214943,0,1
381,-3.53172e-19,1,1.33476,1.00107,5.99657e-16,0.214943,0,1
382,-2.65594e-19,1,1.33476,1.00107,5.99698e-16,0.214943,0,1
383,-1.78017e-19,1,1.33476,1.00107,5.9974e-16,0.214943,0,1
384,-9.04389e-20,1,1.33476,1.00107,5.99781e-16,0.214943,0,1
385,-4.09606e-20,1,1.33476,1.00107,5.99804e-16,0.214943,0,1
386,-4.03852e-20,1,1.33476,1.00107,5.99804e-16,0.214943,0,1
387,-3.98098e-20,1,1.33476,1.00107,5.99805e-16,0.214943,0,1
388,-3.92343e-20,1,1.33476,1.00107,5.99805e-16,0.214943,0,1
389,-3.86589e-20,1,1.33476,1.00107,5.99805e-16,0.214943,0,1
390,-3.80834e-20,1,1.33476,1.00107,5.99805e-16,0.214943,0,1
391,-3.7508e-20,1,1.33476,1.00107,5.99805e-16,0.214943,0,1
392,-3.69326e-20,1,1.33476,1.00107,5.99806e-16,0.214943,0,1
393,-3.63571e-20,1,1.33476,1.00107,5.99806e-16,0.214943,0,1
394,-3.57817e-20,1,1.33476,1.00107,5.99806e-16,0.214943,0,1
395,-3.52062e-20,1,1.33476,1.00107,5.99806e-16,0.214943,0,1
396,-3.46308e-20,1,1.33476,1.00107,5.99806e-16,0.214943,0,1
397,-3.40554e-20,1,1.33476,1.00107,5.99807e-16,0.214943,0,1
398,-3.34799e-20,1,1.33476,1.00107,5.99807e-16,0.214943,0,1
399,-3.29045e-20,1,1.33476,1.00107,5.99807e-16,0.214943,0,1
400,-3.23291e-20,1,1.33476,1.00107,5.99807e-16,0.214943,0,1
400,-3.23291e-20,1,1.33476,1.00107,5.99807e-16,0.214943,1,1
400,1.92702e-11,1,1.33476,1.00107,6.82431e-12,0.214943,1,1
400,1.92702e-11,1,1.33476,1.00107,6.82431e-12,0.214943,1,0
401,1.03342,-0.0334241,1.61207,1.27838,0.271029,-0.0560857,1,0
402,1.02719,-0.0271919,1.65448,1.32079,0.228618,-0.0136745,1,0
403,1.00362,-0.00362382,1.66719,1.3335,0.215908,-0.000964556,1,0
404,0.999986,1.36542e-5,1.6683,1.33461,0.214799,0.000144216,1,0
405,0.999919,8.13313e-5,1.6684,1.33471,0.214899,4.41571e-5,1,0
406,0.999987,1.27239e-5,1.66844,1.33475,0.214939,3.92041e-6,1,0
407,1,2.60971e-7,1.66845,1.33476,0.214944,-3.36621e-7,1,0
408,1,-2.36087e-7,1.66845,1.33476,0.214943,-1.39514e-7,1,0
409,1,-4.36469e-8,1.66845,1.33476,0.214943,-1.50413e-8,1,0
410,1,-1.82868e-9,1.66845,1.33476,0.214943,6.48926e-10,1,0
411,1,6.67431e-10,1.66845,1.33476,0.214943,4.40989e-10,1,0
412,1,2.03878e-10,1.66845,1.33476,0.214943,9.09825e-11,1,0
413,1,4.53165e-11,1.66845,1.33476,0.214943,1.48807e-11,1,0
414,1,1.05348e-11,1.66845,1.33476,0.214943,2.1987e-12,1,0
415,1,2.20171e-12,1.66845,1.33476,0.214943,2.3064e-15,1,0
416,1,1.01341e-12,1.66845,1.33476,0.214943,-9.73481e-14,1,0
417,1,9.10922e-14,1.66845,1.33476,0.214943,-1.65485e-13,1,0
418,1,5.40317e-14,1.66845,1.33476,0.214943,-1.28722e-13,1,0
419,1,1.69711e-14,1.66845,1.33476,0.214943,-9.19589e-14,1,0
420,1,-2.00894e-14,1.66845,1.33476,0.214943,-5.51958e-14,1,0
421,1,-3.43733e-14,1.66845,1.33476,0.214943,-3.60265e-14,1,0
422,1,-3.00288e-14,1.66845,1.33476,0.214943,-3.12467e-14,1,0
423,1,-2.56844e-14,1.66845,1.33476,0.214943,-2.64669e-14,1,0
424,1,-2.13399e-14,1.66845,1.33476,0.214943,-2.16871e-14,1,0
425,1,-1.69955e-14,1.66845,1.33476,0.214943,-1.69073e-14,1,0
426,1,-1.2651e-14,1.66845,1.33476,0.214943,-1.21275e-14,1,0
427,1,-8.30657e-15,1.66845,1.33476,0.214943,-7.34775e-15,1,0
428,1,-4.72121e-15,1.66845,1.33476,0.214943,-3.4305e-15,1,0
429,1,-4.40995e-15,1.66845,1.33476,0.214943,-3.23355e-15,1,0
430,1,-4.0987e-15,1.66845,1.33476,0.214943,-3.03659e-15,1,0
431,1,-3.78745e-15,1.66845,1.33476,0.214943,-2.83964e-15,1,0
432,1,-3.47619e-15,1.66845,1.33476,0.214943,-2.64268e-15,1,0
433,1,-3.16494e-15,1.66845,1.33476,0.214943,-2.44573e-15,1,0
434,1,-2.85368e-15,1.66845,1.33476,0.214943,-2.24877e-15,1,0
435,1,-2.54243e-15,1.66845,1.33476,0.214943,-2.05182e-15,1,0
436,1,-2.23117e-15,1.66845,1.33476,0.214943,-1.85486e-15,1,0
437,1,-1.91992e-15,1.66845,1.33476,0.214943,-1.65791e-15,1,0
438,1,-1.60867e-15,1.66845,1.33476,0.214943,-1.46095e-15,1,0
439,1,-1.29741e-15,1.66845,1.33476,0.214943,-1.26399e-15,1,0
440,1,-9.86157e-16,1.66845,1.33476,0.214943,-1.06704e-15,1,0
441,1,-6.74903e-16,1.66845,1.33476,0.214943,-8.70085e-16,1,0
442,1,-3.63648e-16,1.66845,1.33476,0.214943,-6.7313e-16,1,0
443,1,-1.93899e-16,1.66845,1.33476,0.214943,-5.6617e-16,1,0
444,1,-1.87319e-16,1.66845,1.33476,0.214943,-5.62986e-16,1,0
445,1,-1.80739e-16,1.66845,1.33476,0.214943,-5.59801e-16,1,0
446,1,-1.74158e-16,1.66845,1.33476,0.214943,-5.56616e-16,1,0
447,1,-1.67578e-16,1.66845,1.33476,0.214943,-5.53432e-16,1,0
448,1,-1.60998e-16,1.66845,1.33476,0.214943,-5.50247e-16,1,0
449,1,-1.54418e-16,1.66845,1.33476,0.214943,-5.47062e-16,1,0
450,1,-1.47838e-16,1.66845,1.33476,0.214943,-5.43878e-16,1,0
451,1,-1.41257e-16,1.66845,1.33476,0.214943,-5.40693e-16,1,0
452,1,-1.34677e-16,1.66845,1.33476,0.214943,-5.37508e-16,1,0
453,1,-1.28097e-16,1.66845,1.33476,0.214943,-5.34324e-16,1,0
454,1,-1.21517e-16,1.66845,1.33476,0.214943,-5.31139e-16,1,0
455,1,-1.14937e-16,1.66845,1.33476,0.214943,-5.27954e-16,1,0
456,1,-1.08356e-16,1.66845,1.33476,0.214943,-5.2477e-16,1,0
457,1,-1.01776e-16,1.66845,1.33476,0.214943,-5.21585e-16,1,0
458,1,-9.51961e-17,1.66845,1.33476,0.214943,-5.184e-16,1,0
459,1,-8.86159e-17,1.66845,1.33476,0.214943,-5.15216e-16,1,0
460,1,-8.20357e-17,1.66845,1.33476,0.214943,-5.12031e-16,1,0
461,1,-7.54555e-17,1.66845,1.33476,0.214943,-5.08846e-16,1,0
462,1,-6.88753e-17,1.66845,1.33476,0.214943,-5.05662e-16,1,0
463,1,-6.22951e-17,1.66845,1.33476,0.214943,-5.02477e-16,1,0
464,1,-5.57149e-17,1.66845,1.33476,0.214943,-4.99292e-16,1,0
465,1,-4.91347e-17,1.66845,1.33476,0.214943,-4.96108e-16,1,0
466,1,-4.25545e-17,1.66845,1.33476,0.214943,-4.92923e-16,1,0
467,1,-3.59743e-17,1.66845,1.33476,0.214943,-4.89738e-16,1,0
468,1,-2.93941e-17,1.66845,1.33476,0.214943,-4.86554e-16,1,0
469,1,-2.28139e-17,1.66845,1.33476,0.214943,-4.83369e-16,1,0
470,1,-1.62337e-17,1.66845,1.33476,0.214943,-4.80184e-16,1,0
471,1,-9.65355e-18,1.66845,1.33476,0.214943,-4.77e-16,1,0
472,1,-3.18376e-18,1.66845,1.33476,0.214943,-4.73869e-16,1,0
473,1,-3.13003e-18,1.66845,1.33476,0.214943,-4.73848e-16,1,0
474,1,-3.0763e-18,1.66845,1.33476,0.214943,-4.73828e-16,1,0
475,1,-3.02258e-18,1.66845,1.33476,0.214943,-4.73808e-16,1,0
476,1,-2.96885e-18,1.66845,1.33476,0.214943,-4.73787e-16,1,0
477,1,-2.91512e-18,1.66845,1.33476,0.214943,-4.73767e-16,1,0
478,1,-2.86139e-18,1.66845,1.33476,0.214943,-4.73747e-16,1,0
479,1,-2.80766e-18,1.66845,1.33476,0.214943,-4.73726e-16,1,0
480,1,-2.75393e-18,1.66845,1.33476,0.214943,-4.73706e-16,1,0
481,1,-2.70021e-18,1.66845,1.33476,0.214943,-4.73686e-16,1,0
482,1,-2.64648e-18,1.66845,1.33476,0.214943,-4.73665e-16,1,0
483,1,-2.59275e-18,1.66845,1.33476,0.214943,-4.73645e-16,1,0
484,1,-2.53902e-18,1.66845,1.33476,0.214943,-4.73625e-16,1,0
485,1,-2.48529e-18,1.66845,1.33476,0.214943,-4.73604e-16,1,0
486,1,-2.43157e-18,1.66845,1.33476,0.214943,-4.73584e-16,1,0
487,1,-2.37784e-18,1.66845,1.33476,0.214943,-4.73563e-16,1,0
488,1,-2.32411e-18,1.66845,1.33476,0.214943,-4.73543e-16,1,0
489,1,-2.27038e-18,1.66845,1.33476,0.214943,-4.73523e-16,1,0
490,1,-2.21665e-18,1.66845,1.33476,0.214943,-4.73502e-16,1,0
491,1,-2.16292e-18,1.66845,1.33476,0.214943,-4.73482e-16,1,0
492,1,-2.1092e-18,1.66845,1.33476,0.214943,-4.73462e-16,1,0
493,1,-2.05547e-18,1.66845,1.33476,0.214943,-4.73441e-16,1,0
494,1,-2.00174e-18,1.66845,1.33476,0.214943,-4.73421e-16,1,0
495,1,-1.94801e-18,1.66845,1.33476,0.214943,-4.73401e-16,1,0
496,1,-1.89428e-18,1.66845,1.33476,0.214943,-4.7338e-16,1,0
497,1,-1.84055e-18,1.66845,1.33476,0.214943,-4.7336e-16,1,0
498,1,-1.78683e-18,1.66845,1.33476,0.214943,-4.7334e-16,1,0
499,1,-1.7331e-18,1.66845,1.33476,0.214943,-4.73319e-16,1,0
500,1,-1.67937e-18,1.66845,1.33476,0.214943,-4.73299e-16,1,0
500,1,-1.67937e-18,1.66845,1.33476,0.214943,-4.73299e-16,1,1
500,1,1.92701e-11,1.66845,1.33476,0.214943,6.82323e-12,1,1
500,1,1.92701e-11,1.66845,1.33476,0.214943,6.82323e-12,0,1
501,-0.0334241,1.03342,1.94576,1.61207,-0.0560857,0.271029,0,1
502,-0.0271919,1.02719,1.98817,1.65448,-0.0136745,0.228618,0,1
503,-0.00362382,1.00362,2.00088,1.66719,-0.000964556,0.215908,0,1
504,1.36549e-5,0.999986,2.00199,1.6683,0.000144216,0.214799,0,1
505,8.13313e-5,0.999919,2.00209,1.6684,4.41571e-5,0.214899,0,1
506,1.27239e-5,0.999987,2.00213,1.66844,3.92041e-6,0.214939,0,1
507,2.60979e-7,1,2.00214,1.66845,-3.36628e-7,0.214944,0,1
508,-2.3609e-7,1,2.00214,1.66845,-1.39514e-7,0.214943,0,1
509,-4.36264e-8,1,2.00214,1.66845,-1.50298e-8,0.214943,0,1
510,-1.81718e-9,1,2.00214,1.66845,6.68338e-10,0.214943,0,1
511,7.62836e-10,1,2.00214,1.66845,4.87712e-10,0.214943,0,1
512,1.59995e-10,1,2.00214,1.66845,5.90791e-11,0.214943,0,1
513,1.6089e-11,1,2.00214,1.66845,-4.15748e-13,0.214943,0,1
514,4.67603e-12,1,2.00214,1.66845,-1.07454e-13,0.214943,0,1
515,-3.86962e-13,1,2.00214,1.66845,1.89202e-14,0.214943,0,1
516,-2.07721e-13,1,2.00214,1.66845,1.37488e-14,0.214943,0,1
517,-5.07221e-14,1,2.00214,1.66845,2.35253e-14,0.214943,0,1
518,-7.16273e-15,1,2.00214,1.66845,2.23853e-14,0.214943,0,1
519,-3.62681e-15,1,2.00214,1.66845,1.73938e-14,0.214943,0,1
520,-9.08942e-17,1,2.00214,1.66845,1.24022e-14,0.214943,0,1
521,3.44502e-15,1,2.00214,1.66845,7.41071e-15,0.214943,0,1
522,4.69186e-15,1,2.00214,1.66845,4.92235e-15,0.214943,0,1
523,4.15924e-15,1,2.00214,1.66845,4.37987e-15,0.214943,0,1
524,3.62662e-15,1,2.00214,1.66845,3.8374e-15,0.214943,0,1
525,3.094e-15,1,2.00214,1.66845,3.29492e-15,0.214943,0,1
526,2.56138e-15,1,2.00214,1.66845,2.75245e-15,0.214943,0,1
527,2.02876e-15,1,2.00214,1.66845,2.20997e-15,0.214943,0,1
528,1.49614e-15,1,2.00214,1.66845,1.6675e-15,0.214943,0,1
529,9.63517e-16,1,2.00214,1.66845,1.12502e-15,0.214943,0,1
530,5.35915e-16,1,2.00214,1.66845,6.92146e-16,0.214943,0,1
531,5.04599e-16,1,2.00214,1.66845,6.72856e-16,0.214943,0,1
532,4.73282e-16,1,2.00214,1.66845,6.53565e-16,0.214943,0,1
533,4.41965e-16,1,2.00214,1.66845,6.34274e-16,0.214943,0,1
534,4.10649e-16,1,2.00214,1.66845,6.14983e-16,0.214943,0,1
535,3.79332e-16,1,2.00214,1.66845,5.95693e-16,0.214943,0,1
536,3.48015e-16,1,2.00214,1.66845,5.76402e-16,0.214943,0,1
537,3.16699e-16,1,2.00214,1.66845,5.57111e-16,0.214943,0,1
538,2.85382e-16,1,2.00214,1.66845,5.3782e-16,0.214943,0,1
539,2.54065e-16,1,2.00214,1.66845,5.1853e-16,0.214943,0,1
540,2.22748e-16,1,2.00214,1.66845,4.99239e-16,0.214943,0,1
541,1.91432e-16,1,2.00214,1.66845,4.79948e-16,0.214943,0,1
542,1.60115e-16,1,2.00214,1.66845,4.60657e-16,0.214943,0,1
543,1.28798e-16,1,2.00214,1.66845,4.41367e-16,0.214943,0,1
544,9.74818e-17,1,2.00214,1.66845,4.22076e-16,0.214943,0,1
545,6.61651e-17,1,2.00214,1.66845,4.02785e-16,0.214943,0,1
546,3.48484e-17,1,2.00214,1.66845,3.83494e-16,0.214943,0,1
547,1.90043e-17,1,2.00214,1.66845,3.73775e-16,0.214943,0,1
548,1.8435e-17,1,2.00214,1.66845,3.73505e-16,0.214943,0,1
549,1.78658e-17,1,2.00214,1.66845,3.73235e-16,0.214943,0,1
550,1.72965e-17,1,2.00214,1.66845,3.72965e-16,0.214943,0,1
551,1.67272e-17,1,2.00214,1.66845,3.72695e-16,0.214943,0,1
552,1.6158e-17,1,2.00214,1.66845,3.72425e-16,0.214943,0,1
553,1.55887e-17,1,2.00214,1.66845,3.72154e-16,0.214943,0,1
554,1.50194e-17,1,2.00214,1.66845,3.71884e-16,0.214943,0,1
555,1.44502e-17,1,2.00214,1.66845,3.71614e-16,0.214943,0,1
556,1.38809e-17,1,2.00214,1.66845,3.71344e-16,0.214943,0,1
557,1.33116e-17,1,2.00214,1.66845,3.71074e-16,0.214943,0,1
558,1.27424e-17,1,2.00214,1.66845,3.70804e-16,0.214943,0,1
559,1.21731e-17,1,2.00214,1.66845,3.70534e-16,0.214943,0,1
560,1.16038e-17,1,2.00214,1.66845,3.70264e-16,0.214943,0,1
561,1.10346e-17,1,2.00214,1.66845,3.69994e-16,0.214943,0,1
562,1.04653e-17,1,2.00214,1.66845,3.69724e-16,0.214943,0,1
563,9.89602e-18,1,2.00214,1.66845,3.69453e-16,0.214943,0,1
564,9.32676e-18,1,2.00214,1.66845,3.69183e-16,0.214943,0,1
565,8.75749e-18,1,2.00214,1.66845,3.68913e-16,0.214943,0,1
566,8.18822e-18,1,2.00214,1.66845,3.68643e-16,0.214943,0,1
567,7.61896e-18,1,2.00214,1.66845,3.68373e-16,0.214943,0,1
568,7.04969e-18,1,2.00214,1.66845,3.68103e-16,0.214943,0,1
569,6.48042e-18,1,2.00214,1.66845,3.67833e-16,0.214943,0,1
570,5.91116e-18,1,2.00214,1.66845,3.67563e-16,0.214943,0,1
571,5.34189e-18,1,2.00214,1.66845,3.67293e-16,0.214943,0,1
572,4.77263e-18,1,2.00214,1.66845,3.67022e-16,0.214943,0,1
573,4.20336e-18,1,2.00214,1.66845,3.66752e-16,0.214943,0,1
574,3.63409e-18,1,2.00214,1.66845,3.66482e-16,0.214943,0,1
575,3.06483e-18,1,2.00214,1.66845,3.66212e-16,0.214943,0,1
576,2.49556e-18,1,2.00214,1.66845,3.65942e-16,0.214943,0,1
577,1.92629e-18,1,2.00214,1.66845,3.65672e-16,0.214943,0,1
578,1.35703e-18,1,2.00214,1.66845,3.65402e-16,0.214943,0,1
579,7.87761e-19,1,2.00214,1.66845,3.65132e-16,0.214943,0,1
580,2.69742e-19,1,2.00214,1.66845,3.64886e-16,0.214943,0,1
581,2.65722e-19,1,2.00214,1.66845,3.64884e-16,0.214943,0,1
582,2.61702e-19,1,2.00214,1.66845,3.64883e-16,0.214943,0,1
583,2.57683e-19,1,2.00214,1.66845,3.64882e-16,0.214943,0,1
584,2.53663e-19,1,2.00214,1.66845,3.6488e-16,0.214943,0,1
585,2.49643e-19,1,2.00214,1.66845,3.64879e-16,0.214943,0,1
586,2.45623e-19,1,2.00214,1.66845,3.64877e-16,0.214943,0,1
587,2.41604e-19,1,2.00214,1.66845,3.64876e-16,0.214943,0,1
588,2.37584e-19,1,2.00214,1.66845,3.64874e-16,0.214943,0,1
589,2.33564e-19,1,2.00214,1.66845,3.64873e-16,0.214943,0,1
590,2.29544e-19,1,2.00214,1.66845,3.64871e-16,0.214943,0,1
591,2.25524e-19,1,2.00214,1.66845,3.6487e-16,0.214943,0,1
592,2.21505e-19,1,2.00214,1.66845,3.64868e-16,0.214943,0,1
593,2.17485e-19,1,2.00214,1.66845,3.64867e-16,0.214943,0,1
594,2.13465e-19,1,2.00214,1.66845,3.64865e-16,0.214943,0,1
595,2.09445e-19,1,2.00214,1.66845,3.64864e-16,0.214943,0,1
596,2.05426e-19,1,2.00214,1.66845,3.64862e-16,0.214943,0,1
597,2.01406e-19,1,2.00214,1.66845,3.64861e-16,0.214943,0,1
598,1.97386e-19,1,2.00214,1.66845,3.64859e-16,0.214943,0,1
599,1.93366e-19,1,2.00214,1.66845,3.64858e-16,0.214943,0,1
600,1.89347e-19,1,2.00214,1.66845,3.64856e-16,0.214943,0,1
600,1.89347e-19,1,2.00214,1.66845,3.64856e-16,0.214943,1,1
600,1.93046e-11,1,2.00214,1.66845,6.83627e-12,0.214943,1,1
600,1.93046e-11,1,2.00214,1.66845,6.83627e-12,0.214943,1,0
601,1.03342,-0.0334241,2.27945,1.94576,0.271029,-0.0560857,1,0
602,1.02719,-0.0271919,2.32186,1.98817,0.228618,-0.0136745,1,0
603,1.00362,-0.00362382,2.33457,2.00088,0.215908,-0.000964556,1,0
604,0.999986,1.36545e-5,2.33568,2.00199,0.214799,0.000144216,1,0
605,0.999919,8.13313e-5,2.33578,2.00209,0.214899,4.41571e-5,1,0
606,0.999987,1.27239e-5,2.33582,2.00213,0.214939,3.92041e-6,1,0
607,1,2.60986e-7,2.33583,2.00214,0.214944,-3.36632e-7,1,0
608,1,-2.36094e-7,2.33583,2.00214,0.214943,-1.3952e-7,1,0
609,1,-4.35652e-8,2.33583,2.00214,0.214943,-1.50121e-8,1,0
610,1,-1.80709e-9,2.33583,2.00214,0.214943,6.44993e-10,1,0
611,1,6.43925e-10,2.33583,2.00214,0.214943,4.17268e-10,1,0
612,1,1.35098e-10,2.33583,2.00214,0.214943,5.0125e-11,1,0
613,1,9.09259e-12,2.33583,2.00214,0.214943,4.19623e-12,1,0
614,1,7.41531e-12,2.33583,2.00214,0.214943,3.80641e-12,1,0
615,1,3.35756e-12,2.33583,2.00214,0.214943,1.54416e-12,1,0
616,1,1.91488e-12,2.33583,2.00214,0.214943,8.48671e-13,1,0
617,1,6.69707e-13,2.33583,2.00214,0.214943,2.50833e-13,1,0
618,1,5.03091e-13,2.33583,2.00214,0.214943,1.86311e-13,1,0
619,1,3.36476e-13,2.33583,2.00214,0.214943,1.21789e-13,1,0
620,1,1.69861e-13,2.33583,2.00214,0.214943,5.72677e-14,1,0
621,1,6.14985e-14,2.33583,2.00214,0.214943,1.56434e-14,1,0
622,1,5.32782e-14,2.33583,2.00214,0.214943,1.33819e-14,1,0
623,1,4.5058e-14,2.33583,2.00214,0.214943,1.11205e-14,1,0
624,1,3.68377e-14,2.33583,2.00214,0.214943,8.85899e-15,1,0
625,1,2.86175e-14,2.33583,2.00214,0.214943,6.59752e-15,1,0
626,1,2.03972e-14,2.33583,2.00214,0.214943,4.33606e-15,1,0
627,1,1.2177e-14,2.33583,2.00214,0.214943,2.07459e-15,1,0
628,1,3.95676e-15,2.33583,2.00214,0.214943,-1.86879e-16,1,0
629,1,2.14337e-15,2.33583,2.00214,0.214943,-6.59427e-16,1,0
630,1,1.99459e-15,2.33583,2.00214,0.214943,-6.67185e-16,1,0
631,1,1.84581e-15,2.33583,2.00214,0.214943,-6.74943e-16,1,0
632,1,1.69703e-15,2.33583,2.00214,0.214943,-6.827e-16,1,0
633,1,1.54825e-15,2.33583,2.00214,0.214943,-6.90458e-16,1,0
634,1,1.39947e-15,2.33583,2.00214,0.214943,-6.98216e-16,1,0
635,1,1.2507e-15,2.33583,2.00214,0.214943,-7.05973e-16,1,0
636,1,1.10192e-15,2.33583,2.00214,0.214943,-7.13731e-16,1,0
637,1,9.53137e-16,2.33583,2.00214,0.214943,-7.21489e-16,1,0
638,1,8.04358e-16,2.33583,2.00214,0.214943,-7.29247e-16,1,0
639,1,6.55578e-16,2.33583,2.00214,0.214943,-7.37004e-16,1,0
640,1,5.06799e-16,2.33583,2.00214,0.214943,-7.44762e-16,1,0
641,1,3.5802e-16,2.33583,2.00214,0.214943,-7.5252e-16,1,0
642,1,2.0924e-16,2.33583,2.00214,0.214943,-7.60278e-16,1,0
643,1,6.04611e-17,2.33583,2.00214,0.214943,-7.68035e-16,1,0
644,1,7.57488e-18,2.33583,2.00214,0.214943,-7.70253e-16,1,0
645,1,7.29172e-18,2.33583,2.00214,0.214943,-7.69433e-16,1,0
646,1,7.00856e-18,2.33583,2.00214,0.214943,-7.68612e-16,1,0
647,1,6.72541e-18,2.33583,2.00214,0.214943,-7.67791e-16,1,0
648,1,6.44225e-18,2.33583,2.00214,0.214943,-7.6697e-16,1,0
649,1,6.15909e-18,2.33583,2.00214,0.214943,-7.66149e-16,1,0
650,1,5.87593e-18,2.33583,2.00214,0.214943,-7.65328e-16,1,0
651,1,5.59278e-18,2.33583,2.00214,0.214943,-7.64508e-16,1,0
652,1,5.30962e-18,2.33583,2.00214,0.214943,-7.63687e-16,1,0
653,1,5.02646e-18,2.33583,2.00214,0.214943,-7.62866e-16,1,0
654,1,4.7433e-18,2.33583,2.00214,0.214943,-7.62045e-16,1,0
655,1,4.46015e-18,2.33583,2.00214,0.214943,-7.61224e-16,1,0
656,1,4.17699e-18,2.33583,2.00214,0.214943,-7.60404e-16,1,0
657,1,3.89383e-18,2.33583,2.00214,0.214943,-7.59583e-16,1,0
658,1,3.61067e-18,2.33583,2.00214,0.214943,-7.58762e-16,1,0
659,1,3.32752e-18,2.33583,2.00214,0.214943,-7.57941e-16,1,0
660,1,3.04436e-18,2.33583,2.00214,0.214943,-7.5712e-16,1,0
661,1,2.7612e-18,2.33583,2.00214,0.214943,-7.563e-16,1,0
662,1,2.47805e-18,2.33583,2.00214,0.214943,-7.55479e-16,1,0
663,1,2.19489e-18,2.33583,2.00214,0.214943,-7.54658e-16,1,0
664,1,1.91173e-18,2.33583,2.00214,0.214943,-7.53837e-16,1,0
665,1,1.62857e-18,2.33583,2.00214,0.214943,-7.53016e-16,1,0
666,1,1.34542e-18,2.33583,2.00214,0.214943,-7.52196e-16,1,0
667,1,1.06226e-18,2.33583,2.00214,0.214943,-7.51375e-16,1,0
668,1,7.79102e-19,2.33583,2.00214,0.214943,-7.50554e-16,1,0
669,1,4.95945e-19,2.33583,2.00214,0.214943,-7.49733e-16,1,0
670,1,2.12787e-19,2.33583,2.00214,0.214943,-7.48912e-16,1,0
671,1,-7.037e-20,2.33583,2.00214,0.214943,-7.48092e-16,1,0
672,1,-3.53527e-19,2.33583,2.00214,0.214943,-7.47271e-16,1,0
673,1,-6.36685e-19,2.33583,2.00214,0.214943,-7.4645e-16,1,0
674,1,-8.16139e-19,2.33583,2.00214,0.214943,-7.45912e-16,1,0
675,1,-8.02791e-19,2.33583,2.00214,0.214943,-7.459e-16,1,0
676,1,-7.89443e-19,2.33583,2.00214,0.214943,-7.45888e-16,1,0
677,1,-7.76095e-19,2.33583,2.00214,0.214943,-7.45876e-16,1,0
678,1,-7.62747e-19,2.33583,2.00214,0.214943,-7.45864e-16,1,0
679,1,-7.49399e-19,2.33583,2.00214,0.214943,-7.45852e-16,1,0
680,1,-7.36051e-19,2.33583,2.00214,0.214943,-7.4584e-16,1,0
681,1,-7.22703e-19,2.33583,2.00214,0.214943,-7.45828e-16,1,0
682,1,-7.09355e-19,2.33583,2.00214,0.214943,-7.45816e-16,1,0
683,1,-6.96007e-19,2.33583,2.00214,0.214943,-7.45804e-16,1,0
684,1,-6.82659e-19,2.33583,2.00214,0.214943,-7.45792e-16,1,0
685,1,-6.6931e-19,2.33583,2.00214,0.214943,-7.4578e-16,1,0
686,1,-6.55962e-19,2.33583,2.00214,0.214943,-7.45768e-16,1,0
687,1,-6.42614e-19,2.33583,2.00214,0.214943,-7.45756e-16,1,0
688,1,-6.29266e-19,2.33583,2.00214,0.214943,-7.45744e-16,1,0
689,1,-6.15918e-19,2.33583,2.00214,0.214943,-7.45732e-16,1,0
690,1,-6.0257e-19,2.33583,2.00214,0.214943,-7.4572e-16,1,0
691,1,-5.89222e-19,2.33583,2.00214,0.214943,-7.45708e-16,1,0
692,1,-5.75874e-19,2.33583,2.00214,0.214943,-7.45696e-16,1,0
693,1,-5.62526e-19,2.33583,2.00214,0.214943,-7.45684e-16,1,0
694,1,-5.49178e-19,2.33583,2.00214,0.214943,-7.45672e-16,1,0
695,1,-5.3583e-19,2.33583,2.00214,0.214943,-7.45659e-16,1,0
696,1,-5.22482e-19,2.33583,2.00214,0.214943,-7.45647e-16,1,0
697,1,-5.09134e-19,2.33583,2.00214,0.214943,-7.45635e-16,1,0
698,1,-4.95786e-19,2.33583,2.00214,0.214943,-7.45623e-16,1,0
699,1,-4.82438e-19,2.33583,2.00214,0.214943,-7.45611e-16,1,0
700,1,-4.6909e-19,2.33583,2.00214,0.214943,-7.45599e-16,1,0
700,1,-4.6909e-19,2.33583,2.00214,0.214943,-7.45599e-16,1,1
700,1,2.1873e-11,2.33583,2.00214,0.214943,7.74466e-12,1,1
700,1,2.1873e-11,2.33583,2.00214,0.214943,7.74466e-12,0,1
701,-0.0334241,1.03342,2.61314,2.27945,-0.0560857,0.271029,0,1
702,-0.0271919,1.02719,2.65555,2.32186,-0.0136745,0.228618,0,1
703,-0.00362382,1.00362,2.66826,2.33457,-0.000964556,0.215908,0,1
704,1.3655e-5,0.999986,2.66937,2.33568,0.000144216,0.214799,0,1
705,8.13314e-5,0.999919,2.66947,2.33578,4.41572e-5,0.214899,0,1
706,1.27239e-5,0.999987,2.66951,2.33582,3.92041e-6,0.214939,0,1
707,2.60971e-7,1,2.66952,2.33583,-3.36622e-7,0.214944,0,1
708,-2.36078e-7,1,2.66952,2.33583,-1.39512e-7,0.214943,0,1
709,-4.34463e-8,1,2.66952,2.33583,-1.49668e-8,0.214943,0,1
710,-1.79985e-9,1,2.66952,2.33583,6.46194e-10,0.214943,0,1
711,6.30358e-10,1,2.66952,2.33583,4.03157e-10,0.214943,0,1
712,1.2488e-10,1,2.66952,2.33583,4.47592e-11,0.214943,0,1
713,5.16721e-12,1,2.66952,2.33583,-1.00033e-12,0.214943,0,1
714,1.91134e-12,1,2.66952,2.33583,7.93561e-13,0.214943,0,1
715,7.72644e-13,1,2.66952,2.33583,3.23859e-13,0.214943,0,1
716,3.32173e-13,1,2.66952,2.33583,1.22012e-13,0.214943,0,1
717,1.63067e-13,1,2.66952,2.33583,5.57593e-14,0.214943,0,1
718,6.02335e-14,1,2.66952,2.33583,1.61054e-14,0.214943,0,1
719,4.61542e-14,1,2.66952,2.33583,1.20732e-14,0.214943,0,1
720,3.20749e-14,1,2.66952,2.33583,8.04097e-15,0.214943,0,1
721,1.79956e-14,1,2.66952,2.33583,4.00875e-15,0.214943,0,1
722,4.0285e-15,1,2.66952,2.33583,9.38959e-18,0.214943,0,1
723,3.5768e-15,1,2.66952,2.33583,-3.04731e-17,0.214943,0,1
724,3.1251e-15,1,2.66952,2.33583,-7.03357e-17,0.214943,0,1
725,2.6734e-15,1,2.66952,2.33583,-1.10198e-16,0.214943,0,1
726,2.2217e-15,1,2.66952,2.33583,-1.50061e-16,0.214943,0,1
727,1.77e-15,1,2.66952,2.33583,-1.89924e-16,0.214943,0,1
728,1.3183e-15,1,2.66952,2.33583,-2.29786e-16,0.214943,0,1
729,8.66603e-16,1,2.66952,2.33583,-2.69649e-16,0.214943,0,1
730,4.14903e-16,1,2.66952,2.33583,-3.09512e-16,0.214943,0,1
731,3.94468e-17,1,2.66952,2.33583,-3.42024e-16,0.214943,0,1
732,3.69967e-17,1,2.66952,2.33583,-3.38575e-16,0.214943,0,1
733,3.45465e-17,1,2.66952,2.33583,-3.35126e-16,0.214943,0,1
734,3.20964e-17,1,2.66952,2.33583,-3.31678e-16,0.214943,0,1
735,2.96462e-17,1,2.66952,2.33583,-3.28229e-16,0.214943,0,1
736,2.71961e-17,1,2.66952,2.33583,-3.2478e-16,0.214943,0,1
737,2.47459e-17,1,2.66952,2.33583,-3.21331e-16,0.214943,0,1
738,2.22958e-17,1,2.66952,2.33583,-3.17883e-16,0.214943,0,1
739,1.98456e-17,1,2.66952,2.33583,-3.14434e-16,0.214943,0,1
740,1.73955e-17,1,2.66952,2.33583,-3.10985e-16,0.214943,0,1
741,1.49453e-17,1,2.66952,2.33583,-3.07536e-16,0.214943,0,1
742,1.24952e-17,1,2.66952,2.33583,-3.04088e-16,0.214943,0,1
743,1.0045e-17,1,2.66952,2.33583,-3.00639e-16,0.214943,0,1
744,7.59487e-18,1,2.66952,2.33583,-2.9719e-16,0.214943,0,1
745,5.14472e-18,1,2.66952,2.33583,-2.93741e-16,0.214943,0,1
746,2.69457e-18,1,2.66952,2.33583,-2.90293e-16,0.214943,0,1
747,2.44421e-19,1,2.66952,2.33583,-2.86844e-16,0.214943,0,1
748,-2.20573e-18,1,2.66952,2.33583,-2.83395e-16,0.214943,0,1
749,-3.40199e-18,1,2.66952,2.33583,-2.81599e-16,0.214943,0,1
750,-3.30709e-18,1,2.66952,2.33583,-2.81506e-16,0.214943,0,1
751,-3.21218e-18,1,2.66952,2.33583,-2.81412e-16,0.214943,0,1
752,-3.11728e-18,1,2.66952,2.33583,-2.81319e-16,0.214943,0,1
753,-3.02237e-18,1,2.66952,2.33583,-2.81225e-16,0.214943,0,1
754,-2.92747e-18,1,2.66952,2.33583,-2.81132e-16,0.214943,0,1
755,-2.83256e-18,1,2.66952,2.33583,-2.81039e-16,0.214943,0,1
756,-2.73766e-18,1,2.66952,2.33583,-2.80945e-16,0.214943,0,1
757,-2.64275e-18,1,2.66952,2.33583,-2.80852e-16,0.214943,0,1
758,-2.54785e-18,1,2.66952,2.33583,-2.80758e-16,0.214943,0,1
759,-2.45294e-18,1,2.66952,2.33583,-2.80665e-16,0.214943,0,1
760,-2.35804e-18,1,2.66952,2.33583,-2.80571e-16,0.214943,0,1
761,-2.26313e-18,1,2.66952,2.33583,-2.80478e-16,0.214943,0,1
762,-2.16823e-18,1,2.66952,2.33583,-2.80384e-16,0.214943,0,1
763,-2.07332e-18,1,2.66952,2.33583,-2.80291e-16,0.214943,0,1
764,-1.97842e-18,1,2.66952,2.33583,-2.80197e-16,0.214943,0,1
765,-1.88351e-18,1,2.66952,2.33583,-2.80104e-16,0.214943,0,1
766,-1.78861e-18,1,2.66952,2.33583,-2.8001e-16,0.214943,0,1
767,-1.69371e-18,1,2.66952,2.33583,-2.79917e-16,0.214943,0,1
768,-1.5988e-18,1,2.66952,2.33583,-2.79823e-16,0.214943,0,1
769,-1.5039e-18,1,2.66952,2.33583,-2.7973e-16,0.214943,0,1
770,-1.40899e-18,1,2.66952,2.33583,-2.79636e-16,0.214943,0,1
771,-1.31409e-18,1,2.66952,2.33583,-2.79543e-16,0.214943,0,1
772,-1.21918e-18,1,2.66952,2.33583,-2.79449e-16,0.214943,0,1
773,-1.12428e-18,1,2.66952,2.33583,-2.79356e-16,0.214943,0,1
774,-1.02937e-18,1,2.66952,2.33583,-2.79262e-16,0.214943,0,1
775,-9.34468e-19,1,2.66952,2.33583,-2.79169e-16,0.214943,0,1
776,-8.39563e-19,1,2.66952,2.33583,-2.79075e-16,0.214943,0,1
777,-7.44658e-19,1,2.66952,2.33583,-2.78982e-16,0.214943,0,1
778,-6.49754e-19,1,2.66952,2.33583,-2.78888e-16,0.214943,0,1
779,-5.54849e-19,1,2.66952,2.33583,-2.78795e-16,0.214943,0,1
780,-4.59944e-19,1,2.66952,2.33583,-2.78702e-16,0.214943,0,1
781,-3.65039e-19,1,2.66952,2.33583,-2.78608e-16,0.214943,0,1
782,-2.70135e-19,1,2.66952,2.33583,-2.78515e-16,0.214943,0,1
783,-1.7523e-19,1,2.66952,2.33583,-2.78421e-16,0.214943,0,1
784,-9.32979e-20,1,2.66952,2.33583,-2.7834e-16,0.214943,0,1
785,-9.1987e-20,1,2.66952,2.33583,-2.7834e-16,0.214943,0,1
786,-9.06762e-20,1,2.66952,2.33583,-2.78339e-16,0.214943,0,1
787,-8.93654e-20,1,2.66952,2.33583,-2.78338e-16,0.214943,0,1
788,-8.80545e-20,1,2.66952,2.33583,-2.78337e-16,0.214943,0,1
789,-8.67437e-20,1,2.66952,2.33583,-2.78336e-16,0.214943,0,1
790,-8.54329e-20,1,2.66952,2.33583,-2.78336e-16,0.214943,0,1
791,-8.4122e-20,1,2.66952,2.33583,-2.78335e-16,0.214943,0,1
792,-8.28112e-20,1,2.66952,2.33583,-2.78334e-16,0.214943,0,1
793,-8.15004e-20,1,2.66952,2.33583,-2.78333e-16,0.214943,0,1
794,-8.01895e-20,1,2.66952,2.33583,-2.78333e-16,0.214943,0,1
795,-7.88787e-20,1,2.66952,2.33583,-2.78332e-16,0.214943,0,1
796,-7.75679e-20,1,2.66952,2.33583,-2.78331e-16,0.214943,0,1
797,-7.6257e-20,1,2.66952,2.33583,-2.7833e-16,0.214943,0,1
798,-7.49462e-20,1,2.66952,2.33583,-2.78329e-16,0.214943,0,1
799,-7.36354e-20,1,2.66952,2.33583,-2.78329e-16,0.214943,0,1
800,-7.23245e-20,1,2.66952,2.33583,-2.78328e-16,0.214943,0,1
800,-7.23245e-20,1,2.66952,2.33583,-2.78328e-16,0.214943,1,1
800,-7.23245e-20,1,2.66952,2.33583,-2.78328e-16,0.214943,1,1
