"time","IAE_1.y","IAE_2.y","IE1.y","IE2.y","r_11.y","r_22.y","y_11.y","y_22.y"
0,0,0,0,0,1,0,0,0
1,1.10897,1.13004e-10,1.10897,-2.79789e-18,1,0,-0.062479,0
2,2.03312,-7.31304e-10,2.03312,7.80311e-17,1,0,0.21275,-2.22045e-16
3,2.70586,-3.95187e-10,2.70586,-3.5716e-17,1,0,0.428779,-4.44089e-16
4,3.19768,-1.46659e-9,3.19768,3.64607e-16,1,0,0.578701,1.77636e-15
5,3.5627,-1.04549e-9,3.5627,-8.65625e-17,1,0,0.68554,4.44089e-16
6,3.83599,-1.402e-9,3.83599,3.55001e-17,1,0,0.763987,4.44089e-16
7,4.04135,-1.58013e-9,4.04135,-2.57632e-17,1,0,0.822486,0
8,4.19587,-1.64068e-9,4.19587,-2.6649e-17,1,0,0.866387,-8.88178e-16
9,4.31219,-2.3563e-9,4.31219,1.13419e-16,1,0,0.899407,0
10,4.39977,-2.93716e-9,4.39977,1.24687e-16,1,0,0.924262,0
11,4.46571,-3.32489e-9,4.46571,1.26528e-16,1,0,0.942974,0
12,4.51536,-3.60131e-9,4.51536,-1.76768e-16,1,0,0.957063,4.44089e-16
13,4.55274,-3.80635e-9,4.55274,-6.29256e-18,1,0,0.967671,4.44089e-16
14,4.58089,-3.96009e-9,4.58089,-1.41953e-16,1,0,0.975658,0
15,4.60208,-4.07573e-9,4.60208,1.75815e-17,1,0,0.981672,4.44089e-16
16,4.61804,-4.16278e-9,4.61804,-2.15091e-16,1,0,0.9862,-4.44089e-16
17,4.63005,-4.22832e-9,4.63005,-5.22023e-17,1,0,0.98961,-4.44089e-16
18,4.6391,-4.27741e-9,4.6391,2.55558e-17,1,0,0.992177,-4.44089e-16
19,4.64591,-4.20346e-9,4.64591,4.65841e-18,1,0,0.994109,4.44089e-16
20,4.65104,-4.08898e-9,4.65104,3.03553e-17,1,0,0.995565,0
21,4.6549,-4.00162e-9,4.6549,-1.10078e-16,1,0,0.996661,-4.44089e-16
22,4.65781,-4.4237e-9,4.65781,-1.00394e-16,1,0,0.997486,0
23,4.66,-4.86509e-9,4.66,-2.03427e-17,1,0,0.998107,-4.44089e-16
24,4.66164,-5.19539e-9,4.66164,1.38359e-16,1,0,0.998575,4.44089e-16
25,4.66288,-5.44432e-9,4.66288,-1.70684e-17,1,0,0.998927,-4.44089e-16
26,4.66382,-5.63171e-9,4.66382,7.85285e-17,1,0,0.999192,4.44089e-16
27,4.66452,-5.77281e-9,4.66452,-2.20543e-16,1,0,0.999392,-8.88178e-16
28,4.66505,-5.87905e-9,4.66505,-9.68726e-17,1,0,0.999542,0
29,4.66545,-5.95905e-9,4.66545,-2.54326e-16,1,0,0.999655,-4.44089e-16
30,4.66575,-6.01927e-9,4.66575,1.43023e-16,1,0,0.99974,0
31,4.66598,-6.05817e-9,4.66598,9.21381e-15,1,0,0.999804,-6.57252e-14
32,4.66615,-6.12542e-9,4.66615,3.0078e-13,1,0,0.999853,-5.08038e-13
33,4.66628,-6.40463e-9,4.66628,3.3504e-13,1,0,0.999889,1.23546e-12
34,4.66637,-6.89361e-9,4.66637,-3.60981e-12,1,0,0.999917,6.15241e-12
35,4.66645,-7.49285e-9,4.66645,-5.31928e-12,1,0,0.999937,-1.04028e-11
36,4.6665,-7.85037e-9,4.6665,3.49286e-11,1,0,0.999953,-7.26397e-11
37,4.66654,-8.10992e-9,4.66654,9.50549e-11,1,0,0.999964,2.0651e-11
38,4.66657,-8.06926e-9,4.66657,-2.19309e-10,1,0,0.999973,7.03354e-10
39,4.6666,-7.51756e-9,4.6666,-1.11968e-9,1,0,0.99998,5.64878e-10
40,4.66661,-5.43296e-9,4.66661,8.39773e-10,1,0,0.999985,-5.94477e-9
41,4.66663,6.34045e-9,4.66663,1.13307e-8,1,0,0.999989,-1.16242e-8
42,4.66664,1.60513e-8,4.66664,9.52232e-9,1,0,0.999991,1.24372e-8
43,4.66664,2.41852e-8,4.66664,1.47875e-9,1,0,0.999993,3.5434e-9
44,4.66665,2.54354e-8,4.66665,-2.78673e-12,1,0,0.999995,3.05208e-10
45,4.66665,2.55082e-8,4.66665,-2.13261e-11,1,0,0.999996,-1.24736e-11
46,4.66666,2.56278e-8,4.66666,-1.62622e-11,1,0,0.999997,-1.62066e-11
47,4.66666,2.59109e-8,4.66666,-1.40784e-12,1,0,0.999998,-1.00293e-11
48,4.66666,2.60516e-8,4.66666,4.65168e-13,1,0,0.999998,4.35207e-13
49,4.66666,2.61529e-8,4.66666,-2.04386e-12,1,0,0.999999,-4.56435e-12
50,4.66666,2.61883e-8,4.66666,4.48756e-12,1,0,0.999999,1.32818e-11
51,4.66666,2.61965e-8,4.66666,-1.89433e-12,1,0,0.999999,-3.5727e-12
52,4.66666,2.63069e-8,4.66666,1.46092e-12,1,0,0.999999,5.28155e-12
53,4.66667,2.6297e-8,4.66667,-1.15621e-12,1,0,1,-4.30544e-12
54,4.66667,2.62945e-8,4.66667,-1.32692e-12,1,0,1,-4.16156e-12
55,4.66667,2.63265e-8,4.66667,2.08712e-12,1,0,1,5.17453e-12
56,4.66667,2.63446e-8,4.66667,-1.41933e-12,1,0,1,-3.71747e-12
57,4.66667,2.63212e-8,4.66667,8.76831e-13,1,0,1,1.8372e-12
58,4.66667,2.63141e-8,4.66667,3.11417e-13,1,0,1,5.84421e-13
59,4.66667,2.61873e-8,4.66667,2.62011e-15,1,0,1,8.79297e-14
60,4.66667,2.55068e-8,4.66667,1.19053e-13,1,0,1,5.02265e-13
61,4.66667,2.48702e-8,4.66667,1.12154e-13,1,0,1,5.16476e-13
62,4.66667,2.44427e-8,4.66667,-1.2309e-13,1,0,1,-2.97096e-13
63,4.66667,2.43652e-8,4.66667,8.55399e-14,1,0,1,2.02949e-13
64,4.66667,2.44465e-8,4.66667,2.57608e-13,1,0,1,8.95284e-13
65,4.66667,2.45311e-8,4.66667,-3.19165e-13,1,0,1,-8.10907e-13
66,4.66667,2.45672e-8,4.66667,-2.25238e-13,1,0,1,-9.28146e-13
67,4.66667,2.45913e-8,4.66667,8.07334e-13,1,0,1,2.38343e-12
68,4.66667,2.45814e-8,4.66667,1.04935e-12,1,0,1,3.68239e-12
69,4.66667,2.45317e-8,4.66667,-1.83002e-13,1,0,1,-8.12683e-14
70,4.66667,2.45283e-8,4.66667,-2.75962e-14,1,0,1,-1.09246e-13
71,4.66667,2.45288e-8,4.66667,6.77211e-15,1,0,1,1.19904e-14
72,4.66667,2.45288e-8,4.66667,-4.18271e-14,1,0,1,-8.17124e-14
73,4.66667,2.4522e-8,4.66667,-8.71024e-14,1,0,1,-1.46994e-13
74,4.66667,2.4469e-8,4.66667,-4.89824e-14,1,0,1,-9.41469e-14
75,4.66667,2.43877e-8,4.66667,2.8217e-14,1,0,1,1.08358e-13
76,4.66667,2.42889e-8,4.66667,9.46604e-14,1,0,1,3.33067e-13
77,4.66667,2.41948e-8,4.66667,6.54434e-14,1,0,1,2.82441e-13
78,4.66667,2.41149e-8,4.66667,-3.51838e-14,1,0,1,-5.55112e-14
79,4.66667,2.40512e-8,4.66667,-1.22166e-13,1,0,1,-3.58824e-13
80,4.66667,2.40078e-8,4.66667,-1.28846e-13,1,0,1,-4.05009e-13
81,4.66667,2.39848e-8,4.66667,-4.26763e-14,1,0,1,-1.45217e-13
82,4.66667,2.39666e-8,4.66667,-2.9791e-14,1,0,1,-1.11466e-13
83,4.66667,2.39609e-8,4.66667,-1.03322e-14,1,0,1,-4.9738e-14
84,4.66667,2.39784e-8,4.66667,6.41077e-15,1,0,1,1.02141e-14
85,4.66667,2.40251e-8,4.66667,1.51107e-14,1,0,1,4.88498e-14
86,4.66667,2.40957e-8,4.66667,2.05059e-14,1,0,1,8.30447e-14
87,4.66667,2.41673e-8,4.66667,1.92476e-14,1,0,1,8.4821e-14
88,4.66667,2.42463e-8,4.66667,1.22747e-14,1,0,1,6.12843e-14
89,4.66667,2.43306e-8,4.66667,1.58555e-15,1,0,1,2.08722e-14
90,4.66667,2.43986e-8,4.66667,-4.26419e-15,1,0,1,-5.77316e-15
91,4.66667,2.44613e-8,4.66667,-9.68319e-15,1,0,1,-3.33067e-14
92,4.66667,2.44899e-8,4.66667,-1.10789e-14,1,0,1,-4.30767e-14
93,4.66667,2.44898e-8,4.66667,-8.96385e-15,1,0,1,-3.55271e-14
94,4.66667,2.44898e-8,4.66667,-6.84884e-15,1,0,1,-2.75335e-14
95,4.66667,2.44897e-8,4.66667,-4.73383e-15,1,0,1,-1.9984e-14
96,4.66667,2.44897e-8,4.66667,-2.61882e-15,1,0,1,-1.19904e-14
97,4.66667,2.44896e-8,4.66667,-6.31525e-16,1,0,1,-4.88498e-15
98,4.66667,2.44892e-8,4.66667,5.16549e-16,1,0,1,4.44089e-16
99,4.66667,2.4489e-8,4.66667,4.26138e-16,1,0,1,8.88178e-16
100,4.66667,2.44886e-8,4.66667,1.81485e-16,1,0,1,4.44089e-16
100,4.66667,2.44886e-8,4.66667,1.81485e-16,1,0,1,4.44089e-16
100,4.66667,2.44886e-8,4.66667,1.81485e-16,1,0,1,4.44089e-16
100,4.66667,2.44886e-8,4.66667,1.81485e-16,0,1,1,4.44089e-16
101,7.06644,0.277366,2.26689,0.271091,0,1,1.77066,1.0334
102,8.00476,0.319781,1.32858,0.228676,0,1,0.426772,1.0272
103,8.30237,0.332498,1.03097,0.215959,0,1,0.240562,1.00363
104,8.52802,0.333608,0.80531,0.21485,0,1,0.2107,0.999986
105,8.71932,0.333708,0.614013,0.21495,0,1,0.170648,0.999919
106,8.86963,0.333749,0.463705,0.21499,0,1,0.131011,0.999987
107,8.98398,0.333753,0.349357,0.214994,0,1,0.0990493,1
108,9.07025,0.333753,0.263079,0.214994,0,1,0.0746397,1
109,9.13525,0.333753,0.198088,0.214994,0,1,0.0562093,1
110,9.18418,0.333753,0.149149,0.214994,0,1,0.0423238,1
111,9.22103,0.333753,0.1123,0.214994,0,1,0.0318674,1
112,9.24878,0.333753,0.084555,0.214994,0,1,0.0239942,1
113,9.26967,0.333753,0.0636648,0.214994,0,1,0.0180662,1
114,9.2854,0.333753,0.0479358,0.214994,0,1,0.0136027,1
115,9.29724,0.333753,0.0360928,0.214994,0,1,0.010242,1
116,9.30616,0.333753,0.0271757,0.214994,0,1,0.00771164,1
117,9.31287,0.333753,0.0204616,0.214994,0,1,0.0058064,1
118,9.31793,0.333753,0.0154064,0.214994,0,1,0.00437187,1
119,9.32173,0.333753,0.0116001,0.214994,0,1,0.00329175,1
120,9.3246,0.333753,0.00873416,0.214994,0,1,0.00247849,1
121,9.32676,0.333753,0.0065763,0.214994,0,1,0.00186616,1
122,9.32838,0.333753,0.00495155,0.214994,0,1,0.0014051,1
123,9.32961,0.333753,0.00372822,0.214994,0,1,0.00105796,1
124,9.33053,0.333753,0.00280713,0.214994,0,1,0.000796579,1
125,9.33122,0.333753,0.0021136,0.214994,0,1,0.000599776,1
126,9.33174,0.333753,0.00159141,0.214994,0,1,0.000451595,1
127,9.33214,0.333753,0.00119824,0.214994,0,1,0.000340024,1
128,9.33243,0.333753,0.0009022,0.214994,0,1,0.000256017,1
129,9.33265,0.333753,0.000679303,0.214994,0,1,0.000192766,1
130,9.33282,0.333753,0.000511474,0.214994,0,1,0.000145141,1
131,9.33295,0.333753,0.000385109,0.214994,0,1,0.000109282,1
132,9.33304,0.333753,0.000289964,0.214994,0,1,8.22831e-5,1
133,9.33311,0.333753,0.000218326,0.214994,0,1,6.19543e-5,1
134,9.33317,0.333753,0.000164386,0.214994,0,1,4.66479e-5,1
135,9.33321,0.333753,0.000123773,0.214994,0,1,3.51231e-5,1
136,9.33324,0.333753,9.31937e-5,0.214994,0,1,2.64456e-5,1
137,9.33326,0.333753,7.01693e-5,0.214994,0,1,1.99119e-5,1
138,9.33328,0.333753,5.28333e-5,0.214994,0,1,1.49925e-5,1
139,9.33329,0.333753,3.97803e-5,0.214994,0,1,1.12885e-5,1
140,9.3333,0.333753,2.99522e-5,0.214994,0,1,8.49954e-6,1
141,9.33331,0.333753,2.25522e-5,0.214994,0,1,6.39965e-6,1
142,9.33332,0.333753,1.69805e-5,0.214994,0,1,4.81855e-6,1
143,9.33332,0.333753,1.27853e-5,0.214994,0,1,3.62808e-6,1
144,9.33332,0.333753,9.62656e-6,0.214994,0,1,2.73173e-6,1
145,9.33333,0.333753,7.24827e-6,0.214994,0,1,2.05684e-6,1
146,9.33333,0.333753,5.45759e-6,0.214994,0,1,1.5487e-6,1
147,9.33333,0.333753,4.10931e-6,0.214994,0,1,1.1661e-6,1
148,9.33333,0.333753,3.09412e-6,0.214994,0,1,8.78019e-7,1
149,9.33333,0.333753,2.32973e-6,0.214994,0,1,6.61107e-7,1
150,9.33333,0.333753,1.75418e-6,0.214994,0,1,4.97784e-7,1
151,9.33333,0.333753,1.32082e-6,0.214994,0,1,3.74808e-7,1
152,9.33333,0.333753,9.94513e-7,0.214994,0,1,2.82213e-7,1
153,9.33333,0.333753,7.48824e-7,0.214994,0,1,2.12494e-7,1
154,9.33333,0.333753,5.63829e-7,0.214994,0,1,1.59998e-7,1
155,9.33333,0.333753,4.24538e-7,0.214994,0,1,1.20471e-7,1
156,9.33333,0.333753,3.19657e-7,0.214994,0,1,9.07092e-8,1
157,9.33333,0.333753,2.40687e-7,0.214994,0,1,6.82998e-8,1
158,9.33333,0.333753,1.81229e-7,0.214994,0,1,5.14273e-8,1
159,9.33333,0.333753,1.3648e-7,0.214994,0,1,3.87293e-8,1
160,9.33333,0.333753,1.02795e-7,0.214994,0,1,2.91711e-8,1
161,9.33333,0.333753,7.74332e-8,0.214994,0,1,2.19873e-8,1
162,9.33333,0.333753,5.83225e-8,0.214994,0,1,1.65759e-8,1
163,9.33333,0.333753,4.39296e-8,0.214994,0,1,1.24491e-8,1
164,9.33333,0.333753,3.31323e-8,0.214994,0,1,9.30409e-9,1
165,9.33333,0.333753,2.50376e-8,0.214994,0,1,7.00294e-9,1
166,9.33333,0.333753,1.89142e-8,0.214994,0,1,5.34882e-9,1
167,9.33333,0.333753,1.42336e-8,0.214994,0,1,4.09387e-9,1
168,9.33333,0.333753,1.0663e-8,0.214994,0,1,3.0719e-9,1
169,9.33333,0.333753,8.00352e-9,0.214994,0,1,2.26561e-9,1
170,9.33333,0.333753,6.03936e-9,0.214994,0,1,1.68617e-9,1
171,9.33333,0.333753,4.57299e-9,0.214994,0,1,1.28393e-9,1
172,9.33333,0.333753,3.45793e-9,0.214994,0,1,9.86938e-10,1
173,9.33333,0.333753,2.6064e-9,0.214994,0,1,7.48326e-10,1
174,9.33333,0.333753,1.96312e-9,0.214994,0,1,5.49955e-10,1
175,9.33333,0.333753,1.48758e-9,0.214994,0,1,4.00114e-10,1
176,9.33333,0.333753,1.13489e-9,0.214994,0,1,3.05736e-10,1
177,9.33333,0.333753,8.63261e-10,0.214994,0,1,2.44988e-10,1
178,9.33333,0.333753,6.4921e-10,0.214994,0,1,1.92709e-10,1
179,9.33333,0.333753,4.85755e-10,0.214994,0,1,1.46342e-10,1
180,9.33333,0.333753,3.67366e-10,0.214994,0,1,1.07686e-10,1
181,9.33333,0.333753,2.70893e-10,0.214994,0,1,7.73681e-11,1
182,9.33333,0.333753,2.01624e-10,0.214994,0,1,5.51363e-11,1
183,9.33333,0.333753,1.46443e-10,0.214994,0,1,3.96128e-11,1
184,9.33333,0.333753,1.08838e-10,0.214994,0,1,3.11275e-11,1
185,9.33333,0.333753,7.57456e-11,0.214994,0,1,2.49316e-11,1
186,9.33333,0.333753,5.09173e-11,0.214994,0,1,2.23535e-11,1
187,9.33333,0.333753,2.90063e-11,0.214994,0,1,1.78906e-11,1
188,9.33333,0.333753,1.17302e-11,0.214994,0,1,1.32492e-11,1
189,9.33333,0.333753,-8.49555e-13,0.214994,0,1,8.48943e-12,1
190,9.33333,0.333753,-8.60863e-12,0.214994,0,1,3.68017e-12,1
191,9.33333,0.333753,-6.84397e-12,0.214994,0,1,2.76845e-12,1
192,9.33333,0.333753,-5.07931e-12,0.214994,0,1,1.85629e-12,1
193,9.33333,0.333753,-3.31465e-12,0.214994,0,1,9.44134e-13,1
194,9.33333,0.333753,-1.66447e-12,0.214994,0,1,7.83817e-14,1
195,9.33333,0.333753,-2.18837e-12,0.214994,0,1,9.4591e-14,1
196,9.33333,0.333753,-2.71228e-12,0.214994,0,1,1.11022e-13,1
197,9.33333,0.333753,-3.23618e-12,0.214994,0,1,1.2701e-13,1
198,9.33333,0.333753,-3.13586e-12,0.214994,0,1,-4.13003e-14,1
199,9.33333,0.333753,-2.35874e-12,0.214994,0,1,-4.10338e-13,1
200,9.33333,0.333753,-1.58162e-12,0.214994,0,1,-7.80265e-13,1
200,9.33333,0.333753,-1.58162e-12,0.214994,1,1,-7.80265e-13,1
200,9.33333,0.333753,1.94867e-12,0.214994,1,1,-3.4277e-12,1
200,9.33333,0.333753,1.94867e-12,0.214994,1,0,-3.4277e-12,1
201,11.7331,0.611119,2.39978,-0.0560972,1,0,-0.770657,-0.0334012
202,12.6714,0.653534,3.33809,-0.0136824,1,0,0.573228,-0.0272039
203,12.969,0.666251,3.6357,-0.000965175,1,0,0.759438,-0.0036266
204,13.1947,0.667361,3.86136,0.000144458,1,0,0.7893,1.37526e-5
205,13.386,0.667461,4.05265,4.42279e-5,1,0,0.829352,8.14611e-5
206,13.5363,0.667502,4.20296,3.92578e-6,1,0,0.868989,1.2745e-5
207,13.6506,0.667506,4.31731,-3.37883e-7,1,0,0.900951,2.60746e-7
208,13.7369,0.667506,4.40359,-1.39906e-7,1,0,0.92536,-2.36776e-7
209,13.8019,0.667506,4.46858,-1.50209e-8,1,0,0.943791,-4.3617e-8
210,13.8509,0.667506,4.51752,6.52037e-10,1,0,0.957676,-1.81046e-9
211,13.8877,0.667506,4.55437,4.32702e-10,1,0,0.968133,6.63326e-10
212,13.9154,0.667506,4.58211,5.50441e-11,1,0,0.976006,1.45789e-10
213,13.9363,0.667506,4.603,-6.41392e-13,1,0,0.981934,8.85159e-12
214,13.9521,0.667506,4.61873,-1.30537e-12,1,0,0.986397,-1.76881e-12
215,13.9639,0.667506,4.63057,-1.953e-13,1,0,0.989758,-4.76952e-13
216,13.9728,0.667506,4.63949,7.81389e-16,1,0,0.992288,-3.41949e-14
217,13.9795,0.667506,4.64621,2.08212e-15,1,0,0.994194,-2.22045e-15
218,13.9846,0.667506,4.65126,-4.28521e-16,1,0,0.995628,1.42109e-14
219,13.9884,0.667506,4.65507,2.51153e-15,1,0,0.996708,-3.81917e-14
220,13.9913,0.667506,4.65793,1.01372e-15,1,0,0.997522,-4.44089e-16
221,13.9934,0.667506,4.66009,-1.47938e-14,1,0,0.998134,1.19904e-13
222,13.995,0.667506,4.66172,-6.63332e-14,1,0,0.998595,-2.81997e-13
223,13.9963,0.667506,4.66294,7.46491e-14,1,0,0.998942,1.06137e-13
224,13.9972,0.667506,4.66386,-2.27795e-14,1,0,0.999203,-1.55875e-13
225,13.9979,0.667506,4.66455,5.67633e-14,1,0,0.9994,7.4607e-14
226,13.9984,0.667506,4.66508,-1.31095e-13,1,0,0.999548,-1.92735e-13
227,13.9988,0.667506,4.66547,8.71582e-14,1,0,0.99966,2.34923e-13
228,13.9991,0.667506,4.66576,-1.31538e-13,1,0,0.999744,-1.96287e-13
229,13.9993,0.667506,4.66599,1.55605e-13,1,0,0.999807,4.04121e-13
230,13.9995,0.667506,4.66616,-2.88764e-15,1,0,0.999855,-5.77316e-15
231,13.9996,0.667506,4.66628,-1.84116e-13,1,0,0.999891,-7.1898e-13
232,13.9997,0.667506,4.66638,-2.89305e-13,1,0,0.999918,-6.35936e-13
233,13.9998,0.667506,4.66645,1.16719e-12,1,0,0.999938,3.74145e-12
234,13.9998,0.667506,4.6665,-1.5486e-14,1,0,0.999953,-1.16795e-13
235,13.9999,0.667506,4.66654,-1.00132e-12,1,0,0.999965,-2.38964e-12
236,13.9999,0.667506,4.66657,-5.78118e-13,1,0,0.999974,-1.3558e-12
237,13.9999,0.667506,4.6666,7.18769e-13,1,0,0.99998,1.82299e-12
238,13.9999,0.667506,4.66661,1.74405e-12,1,0,0.999985,4.64295e-12
239,14,0.667506,4.66663,-2.64257e-12,1,0,0.999989,-1.30829e-11
240,14,0.667506,4.66664,-7.0986e-12,1,0,0.999992,-2.45892e-11
241,14,0.667506,4.66664,5.57187e-12,1,0,0.999994,1.70766e-11
242,14,0.667506,4.66665,9.70183e-13,1,0,0.999995,2.67075e-12
243,14,0.667506,4.66665,-3.82852e-12,1,0,0.999996,-1.03393e-11
244,14,0.667506,4.66666,-1.62068e-12,1,0,0.999997,-5.0866e-12
245,14,0.667506,4.66666,6.25e-12,1,0,0.999998,1.73146e-11
246,14,0.667506,4.66666,6.79822e-13,1,0,0.999998,3.55271e-15
247,14,0.667506,4.66666,-7.02121e-12,1,0,0.999999,-1.83182e-11
248,14,0.667506,4.66666,3.59534e-12,1,0,0.999999,1.05254e-11
249,14,0.667506,4.66666,-4.01734e-13,1,0,0.999999,-2.54818e-12
250,14,0.667506,4.66666,1.66448e-12,1,0,1,7.3217e-12
251,14,0.667506,4.66667,-1.67865e-13,1,0,1,2.28528e-12
252,14,0.667506,4.66667,1.0625e-13,1,0,1,5.64881e-13
253,14,0.667506,4.66667,-2.92403e-13,1,0,1,-7.61613e-13
254,14,0.667506,4.66667,-1.14441e-13,1,0,1,-7.59837e-13
255,14,0.667506,4.66667,5.37836e-13,1,0,1,1.65201e-12
256,14,0.667506,4.66667,-1.82207e-12,1,0,1,-5.64171e-12
257,14,0.667506,4.66667,4.06215e-12,1,0,1,1.16325e-11
258,14,0.667506,4.66667,-7.50844e-13,1,0,1,4.28546e-13
259,14,0.667506,4.66667,-3.09565e-13,1,0,1,-1.56319e-12
260,14,0.667506,4.66667,3.1247e-12,1,0,1,1.07736e-11
261,14,0.667506,4.66667,-4.02115e-12,1,0,1,-1.15286e-11
262,14,0.667506,4.66667,3.76585e-12,1,0,1,1.07265e-11
263,14,0.667506,4.66667,-4.43811e-13,1,0,1,1.28342e-12
264,14,0.667506,4.66667,-2.31268e-12,1,0,1,-8.30047e-12
265,14,0.667506,4.66667,1.34643e-12,1,0,1,2.70628e-12
266,14,0.667506,4.66667,-1.28873e-12,1,0,1,-3.23164e-12
267,14,0.667506,4.66667,2.85865e-13,1,0,1,2.24087e-12
268,14,0.667506,4.66667,4.81506e-12,1,0,1,1.77902e-11
269,14,0.667506,4.66667,4.81852e-12,1,0,1,2.03531e-11
270,14,0.667506,4.66667,-1.0649e-12,1,0,1,1.33138e-12
271,14,0.667506,4.66667,-5.53213e-12,1,0,1,-1.75042e-11
272,14,0.667506,4.66667,-2.50463e-12,1,0,1,-1.09739e-11
273,14,0.667506,4.66667,1.70535e-12,1,0,1,3.57669e-12
274,14,0.667506,4.66667,2.82224e-12,1,0,1,1.01514e-11
275,14,0.667506,4.66667,8.0844e-13,1,0,1,5.0302e-12
276,14,0.667506,4.66667,-4.38626e-13,1,0,1,-1.00808e-13
277,14,0.667506,4.66667,-2.48838e-13,1,0,1,-3.43281e-13
278,14,0.667506,4.66667,-7.91077e-14,1,0,1,-1.47438e-13
279,14,0.667506,4.66667,-1.39612e-14,1,0,1,-3.28626e-14
280,14,0.667506,4.66667,-3.67065e-15,1,0,1,-1.02141e-14
281,14,0.667506,4.66667,-3.61368e-16,1,0,1,-1.77636e-15
282,14,0.667506,4.66667,1.43306e-16,1,0,1,-4.44089e-16
283,14,0.667506,4.66667,3.36677e-16,1,0,1,0
284,14,0.667506,4.66667,3.26203e-16,1,0,1,0
285,14,0.667506,4.66667,2.90612e-16,1,0,1,0
286,14,0.667506,4.66667,2.46031e-16,1,0,1,0
287,14,0.667506,4.66667,2.32136e-16,1,0,1,0
288,14,0.667506,4.66667,2.17855e-16,1,0,1,0
289,14,0.667506,4.66667,2.10212e-16,1,0,1,0
290,14,0.667506,4.66667,2.0708e-16,1,0,1,0
291,14,0.667506,4.66667,2.20952e-16,1,0,1,4.44089e-16
292,14,0.667506,4.66667,2.40795e-16,1,0,1,0
293,14,0.667506,4.66667,2.30956e-16,1,0,1,0
294,14,0.667506,4.66667,2.59959e-16,1,0,1,-4.44089e-16
295,14,0.667506,4.66667,2.85169e-16,1,0,1,0
296,14,0.667506,4.66667,2.7171e-16,1,0,1,0
297,14,0.667506,4.66667,2.22924e-16,1,0,1,0
298,14,0.667506,4.66667,1.89806e-16,1,0,1,0
299,14,0.667506,4.66667,2.06463e-16,1,0,1,0
300,14,0.667506,4.66667,2.22336e-16,1,0,1,0
300,14,0.667506,4.66667,2.22336e-16,1,1,1,0
300,14,0.667506,4.66667,3.66368e-12,1,1,1,1.03433e-11
300,14,0.667506,4.66667,3.66368e-12,0,1,1,1.03433e-11
301,16.3998,0.944872,2.26689,0.271091,0,1,1.77066,1.0334
302,17.3381,0.987287,1.32858,0.228676,0,1,0.426772,1.0272
303,17.6357,1,1.03097,0.215959,0,1,0.240562,1.00363
304,17.8614,1.00111,0.80531,0.21485,0,1,0.2107,0.999986
305,18.0527,1.00121,0.614013,0.21495,0,1,0.170648,0.999919
306,18.203,1.00125,0.463705,0.21499,0,1,0.131011,0.999987
307,18.3173,1.00126,0.349357,0.214994,0,1,0.0990493,1
308,18.4036,1.00126,0.263079,0.214994,0,1,0.0746397,1
309,18.4686,1.00126,0.198088,0.214994,0,1,0.0562093,1
310,18.5175,1.00126,0.149149,0.214994,0,1,0.0423238,1
311,18.5544,1.00126,0.1123,0.214994,0,1,0.0318674,1
312,18.5821,1.00126,0.084555,0.214994,0,1,0.0239942,1
313,18.603,1.00126,0.0636648,0.214994,0,1,0.0180662,1
314,18.6187,1.00126,0.0479358,0.214994,0,1,0.0136027,1
315,18.6306,1.00126,0.0360928,0.214994,0,1,0.010242,1
316,18.6395,1.00126,0.0271757,0.214994,0,1,0.00771164,1
317,18.6462,1.00126,0.0204616,0.214994,0,1,0.0058064,1
318,18.6513,1.00126,0.0154064,0.214994,0,1,0.00437187,1
319,18.6551,1.00126,0.0116001,0.214994,0,1,0.00329175,1
320,18.6579,1.00126,0.00873416,0.214994,0,1,0.00247849,1
321,18.6601,1.00126,0.0065763,0.214994,0,1,0.00186616,1
322,18.6617,1.00126,0.00495155,0.214994,0,1,0.0014051,1
323,18.6629,1.00126,0.00372822,0.214994,0,1,0.00105796,1
324,18.6639,1.00126,0.00280713,0.214994,0,1,0.000796579,1
325,18.6646,1.00126,0.0021136,0.214994,0,1,0.000599775,1
326,18.6651,1.00126,0.00159141,0.214994,0,1,0.000451595,1
327,18.6655,1.00126,0.00119824,0.214994,0,1,0.000340024,1
328,18.6658,1.00126,0.0009022,0.214994,0,1,0.000256017,1
329,18.666,1.00126,0.000679302,0.214994,0,1,0.000192766,1
330,18.6662,1.00126,0.000511474,0.214994,0,1,0.000145141,1
331,18.6663,1.00126,0.000385109,0.214994,0,1,0.000109282,1
332,18.6664,1.00126,0.000289964,0.214994,0,1,8.22831e-5,1
333,18.6664,1.00126,0.000218325,0.214994,0,1,6.1954e-5,1
334,18.6665,1.00126,0.000164386,0.214994,0,1,4.66478e-5,1
335,18.6665,1.00126,0.000123773,0.214994,0,1,3.5123e-5,1
336,18.6666,1.00126,9.31933e-5,0.214994,0,1,2.64455e-5,1
337,18.6666,1.00126,7.0169e-5,0.214994,0,1,1.99119e-5,1
338,18.6666,1.00126,5.28331e-5,0.214994,0,1,1.49924e-5,1
339,18.6666,1.00126,3.97802e-5,0.214994,0,1,1.12884e-5,1
340,18.6666,1.00126,2.99521e-5,0.214994,0,1,8.49951e-6,1
341,18.6666,1.00126,2.25521e-5,0.214994,0,1,6.39962e-6,1
342,18.6666,1.00126,1.69804e-5,0.214994,0,1,4.81853e-6,1
343,18.6667,1.00126,1.27852e-5,0.214994,0,1,3.62807e-6,1
344,18.6667,1.00126,9.62653e-6,0.214994,0,1,2.73172e-6,1
345,18.6667,1.00126,7.24823e-6,0.214994,0,1,2.05683e-6,1
346,18.6667,1.00126,5.45755e-6,0.214994,0,1,1.54869e-6,1
347,18.6667,1.00126,4.10929e-6,0.214994,0,1,1.16609e-6,1
348,18.6667,1.00126,3.0941e-6,0.214994,0,1,8.78014e-7,1
349,18.6667,1.00126,2.32972e-6,0.214994,0,1,6.61106e-7,1
350,18.6667,1.00126,1.75417e-6,0.214994,0,1,4.97782e-7,1
351,18.6667,1.00126,1.32081e-6,0.214994,0,1,3.74808e-7,1
352,18.6667,1.00126,9.94513e-7,0.214994,0,1,2.82213e-7,1
353,18.6667,1.00126,7.48823e-7,0.214994,0,1,2.12494e-7,1
354,18.6667,1.00126,5.6383e-7,0.214994,0,1,1.59998e-7,1
355,18.6667,1.00126,4.24538e-7,0.214994,0,1,1.20471e-7,1
356,18.6667,1.00126,3.19658e-7,0.214994,0,1,9.07094e-8,1
357,18.6667,1.00126,2.40688e-7,0.214994,0,1,6.83002e-8,1
358,18.6667,1.00126,1.81227e-7,0.214994,0,1,5.14269e-8,1
359,18.6667,1.00126,1.36467e-7,0.214994,0,1,3.87251e-8,1
360,18.6667,1.00126,1.02788e-7,0.214994,0,1,2.91678e-8,1
361,18.6667,1.00126,7.74267e-8,0.214994,0,1,2.19718e-8,1
362,18.6667,1.00126,5.83317e-8,0.214994,0,1,1.65541e-8,1
363,18.6667,1.00126,4.39431e-8,0.214994,0,1,1.24719e-8,1
364,18.6667,1.00126,3.31012e-8,0.214994,0,1,9.39715e-9,1
365,18.6667,1.00126,2.49302e-8,0.214994,0,1,7.08164e-9,1
366,18.6667,1.00126,1.87718e-8,0.214994,0,1,5.3401e-9,1
367,18.6667,1.00126,1.41261e-8,0.214994,0,1,4.03431e-9,1
368,18.6667,1.00126,1.06231e-8,0.214994,0,1,3.03527e-9,1
369,18.6667,1.00126,7.98834e-9,0.214994,0,1,2.27487e-9,1
370,18.6667,1.00126,6.0105e-9,0.214994,0,1,1.70872e-9,1
371,18.6667,1.00126,4.52144e-9,0.214994,0,1,1.30064e-9,1
372,18.6667,1.00126,3.39315e-9,0.214994,0,1,9.84269e-10,1
373,18.6667,1.00126,2.54369e-9,0.214994,0,1,7.2787e-10,1
374,18.6667,1.00126,1.90928e-9,0.214994,0,1,5.37052e-10,1
375,18.6667,1.00126,1.43543e-9,0.214994,0,1,4.04483e-10,1
376,18.6667,1.00126,1.08041e-9,0.214994,0,1,3.1288e-10,1
377,18.6667,1.00126,8.11424e-10,0.214994,0,1,2.3752e-10,1
378,18.6667,1.00126,6.09406e-10,0.214994,0,1,1.74589e-10,1
379,18.6667,1.00126,4.63889e-10,0.214994,0,1,1.28825e-10,1
380,18.6667,1.00126,3.59586e-10,0.214994,0,1,9.94482e-11,1
381,18.6667,1.00126,2.69483e-10,0.214994,0,1,7.56619e-11,1
382,18.6667,1.00126,1.96151e-10,0.214994,0,1,5.672e-11,1
383,18.6667,1.00126,1.41393e-10,0.214994,0,1,4.36133e-11,1
384,18.6667,1.00126,9.68711e-11,0.214994,0,1,3.10905e-11,1
385,18.6667,1.00126,6.67926e-11,0.214994,0,1,2.18012e-11,1
386,18.6667,1.00126,4.18895e-11,0.214994,0,1,1.59059e-11,1
387,18.6667,1.00126,2.2633e-11,0.214994,0,1,1.33966e-11,1
388,18.6667,1.00126,8.98804e-12,0.214994,0,1,1.27272e-11,1
389,18.6667,1.00126,-3.55848e-12,0.214994,0,1,9.8761e-12,1
390,18.6667,1.00126,-1.26436e-11,0.214994,0,1,6.94889e-12,1
391,18.6667,1.00126,-1.62811e-11,0.214994,0,1,4.10427e-12,1
392,18.6667,1.00126,-1.67874e-11,0.214994,0,1,1.97797e-12,1
393,18.6667,1.00126,-1.56414e-11,0.214994,0,1,3.15747e-13,1
394,18.6667,1.00126,-1.44095e-11,0.214994,0,1,-1.21547e-12,1
395,18.6667,1.00126,-1.25519e-11,0.214994,0,1,-1.78924e-12,1
396,18.6667,1.00126,-1.05388e-11,0.214994,0,1,-2.04103e-12,1
397,18.6667,1.00126,-8.56542e-12,0.214994,0,1,-1.97176e-12,1
398,18.6667,1.00126,-6.8675e-12,0.214994,0,1,-1.72706e-12,1
399,18.6667,1.00126,-5.48263e-12,0.214994,0,1,-1.43974e-12,1
400,18.6667,1.00126,-4.56184e-12,0.214994,0,1,-1.21547e-12,1
400,18.6667,1.00126,-4.56184e-12,0.214994,1,1,-1.21547e-12,1
400,18.6667,1.00126,-1.01819e-13,0.214994,1,1,-4.56035e-12,1
400,18.6667,1.00126,-1.01819e-13,0.214994,1,0,-4.56035e-12,1
401,21.0664,1.27863,2.39978,-0.0560972,1,0,-0.770657,-0.0334012
402,22.0048,1.32104,3.33809,-0.0136824,1,0,0.573228,-0.0272039
403,22.3024,1.33376,3.6357,-0.000965175,1,0,0.759438,-0.0036266
404,22.528,1.33487,3.86136,0.000144458,1,0,0.7893,1.37526e-5
405,22.7193,1.33497,4.05265,4.42279e-5,1,0,0.829352,8.1461e-5
406,22.8696,1.33501,4.20296,3.9258e-6,1,0,0.868989,1.2745e-5
407,22.984,1.33501,4.31731,-3.37878e-7,1,0,0.900951,2.60743e-7
408,23.0703,1.33501,4.40359,-1.39902e-7,1,0,0.92536,-2.36769e-7
409,23.1352,1.33501,4.46858,-1.50187e-8,1,0,0.943791,-4.36101e-8
410,23.1842,1.33501,4.51752,6.5068e-10,1,0,0.957676,-1.80513e-9
411,23.221,1.33501,4.55437,4.30108e-10,1,0,0.968133,6.59623e-10
412,23.2488,1.33501,4.58211,5.44684e-11,1,0,0.976006,1.44357e-10
413,23.2697,1.33501,4.603,-6.4718e-13,1,0,0.981934,8.70681e-12
414,23.2854,1.33501,4.61873,-1.28529e-12,1,0,0.986397,-1.74394e-12
415,23.2972,1.33501,4.63057,-1.91141e-13,1,0,0.989758,-4.67182e-13
416,23.3062,1.33501,4.63949,-2.80051e-15,1,0,0.992288,-3.68594e-14
417,23.3129,1.33501,4.6462,3.56966e-15,1,0,0.994194,4.88498e-15
418,23.3179,1.33501,4.65126,3.06459e-16,1,0,0.995628,1.77636e-15
419,23.3217,1.33501,4.65507,-3.36778e-16,1,0,0.996708,0
420,23.3246,1.33501,4.65793,-2.89256e-16,1,0,0.997522,-4.44089e-16
421,23.3268,1.33501,4.66009,-2.22583e-16,1,0,0.998134,4.44089e-16
422,23.3284,1.33501,4.66172,3.5299e-14,1,0,0.998595,-7.68274e-14
423,23.3296,1.33501,4.66294,-7.55096e-14,1,0,0.998942,5.2669e-13
424,23.3305,1.33501,4.66386,-6.62062e-13,1,0,0.999203,-5.81313e-13
425,23.3312,1.33501,4.66455,4.117e-12,1,0,0.9994,-7.41585e-12
426,23.3317,1.33501,4.66508,-7.64061e-12,1,0,0.999548,4.68461e-11
427,23.3321,1.33501,4.66547,-4.1636e-11,1,0,0.99966,-8.63105e-11
428,23.3324,1.33501,4.66576,3.49031e-10,1,0,0.999744,-4.76363e-10
429,23.3327,1.33501,4.66599,-9.03949e-10,1,0,0.999807,3.97422e-9
430,23.3328,1.33501,4.66616,-3.00108e-9,1,0,0.999855,-3.67776e-9
431,23.3329,1.33501,4.66628,-5.03056e-10,1,0,0.999891,-1.17021e-9
432,23.333,1.33501,4.66638,-1.80456e-11,1,0,0.999918,-5.9726e-11
433,23.3331,1.33501,4.66645,1.68224e-12,1,0,0.999938,3.27383e-11
434,23.3332,1.33501,4.6665,-2.49241e-12,1,0,0.999953,5.40989e-11
435,23.3332,1.33501,4.66654,1.2972e-12,1,0,0.999965,1.46058e-10
436,23.3332,1.33501,4.66657,1.34801e-12,1,0,0.999974,7.58433e-11
437,23.3333,1.33501,4.6666,4.078e-11,1,0,0.99998,4.22755e-11
438,23.3333,1.33501,4.66661,3.01176e-11,1,0,0.999985,7.52332e-11
439,23.3333,1.33501,4.66663,-1.60054e-11,1,0,0.999989,4.29496e-11
440,23.3333,1.33501,4.66664,-5.96104e-12,1,0,0.999991,3.21618e-11
441,23.3333,1.33501,4.66664,-1.49695e-11,1,0,0.999994,1.92752e-11
442,23.3333,1.33501,4.66665,-6.24705e-12,1,0,0.999995,1.23777e-11
443,23.3333,1.33501,4.66665,-4.39345e-12,1,0,0.999996,1.36193e-11
444,23.3333,1.33501,4.66666,-8.61018e-12,1,0,0.999997,3.27383e-12
445,23.3333,1.33501,4.66666,1.09091e-11,1,0,0.999998,-2.07079e-12
446,23.3333,1.33501,4.66666,-5.81176e-13,1,0,0.999998,3.30136e-12
447,23.3333,1.33501,4.66666,3.31339e-13,1,0,0.999999,2.69118e-12
448,23.3333,1.33501,4.66666,2.97244e-12,1,0,0.999999,8.4337e-12
449,23.3333,1.33501,4.66666,-2.11171e-12,1,0,0.999999,-5.86775e-12
450,23.3333,1.33501,4.66666,-5.73577e-13,1,0,1,2.62013e-13
451,23.3333,1.33501,4.66667,-5.57393e-13,1,0,1,-4.14246e-12
452,23.3333,1.33501,4.66667,-6.84379e-12,1,0,1,-2.25335e-11
453,23.3333,1.33501,4.66667,6.51395e-12,1,0,1,1.55005e-11
454,23.3333,1.33501,4.66667,-2.11804e-12,1,0,1,-1.99263e-12
455,23.3333,1.33501,4.66667,6.83728e-12,1,0,1,2.00511e-11
456,23.3333,1.33501,4.66667,-6.06846e-12,1,0,1,-1.33511e-11
457,23.3333,1.33501,4.66667,3.18748e-12,1,0,1,4.75753e-12
458,23.3333,1.33501,4.66667,-1.65893e-12,1,0,1,-4.01457e-12
459,23.3333,1.33501,4.66667,-3.09334e-12,1,0,1,-1.2367e-11
460,23.3333,1.33501,4.66667,4.7989e-12,1,0,1,1.47531e-11
461,23.3333,1.33501,4.66667,-2.70604e-12,1,0,1,-6.31095e-12
462,23.3333,1.33501,4.66667,4.83591e-12,1,0,1,1.4865e-11
463,23.3333,1.33501,4.66667,-4.45082e-12,1,0,1,-1.2272e-11
464,23.3333,1.33501,4.66667,9.80163e-13,1,0,1,5.53779e-13
465,23.3333,1.33501,4.66667,6.27393e-13,1,0,1,1.29452e-12
466,23.3333,1.33501,4.66667,-1.60349e-12,1,0,1,-6.43441e-12
467,23.3333,1.33501,4.66667,-4.40232e-13,1,0,1,-4.19265e-12
468,23.3333,1.33501,4.66667,2.05527e-12,1,0,1,5.79403e-12
469,23.3333,1.33501,4.66667,9.48045e-13,1,0,1,5.82423e-12
470,23.3333,1.33501,4.66667,-8.72463e-13,1,0,1,4.79616e-13
471,23.3333,1.33501,4.66667,-1.29627e-12,1,0,1,-2.17026e-12
472,23.3333,1.33501,4.66667,-5.55382e-13,1,0,1,-1.29807e-12
473,23.3333,1.33501,4.66667,3.09608e-13,1,0,1,1.22213e-12
474,23.3333,1.33501,4.66667,7.68605e-13,1,0,1,2.85372e-12
475,23.3333,1.33501,4.66667,6.53581e-13,1,0,1,2.8253e-12
476,23.3333,1.33501,4.66667,1.45605e-13,1,0,1,1.09202e-12
477,23.3333,1.33501,4.66667,-1.75752e-13,1,0,1,-4.33875e-13
478,23.3333,1.33501,4.66667,-4.89991e-14,1,0,1,-3.32623e-13
479,23.3333,1.33501,4.66667,6.04411e-14,1,0,1,6.39488e-14
480,23.3333,1.33501,4.66667,3.12479e-14,1,0,1,5.81757e-14
481,23.3333,1.33501,4.66667,1.07682e-14,1,0,1,2.30926e-14
482,23.3333,1.33501,4.66667,1.01136e-15,1,0,1,5.32907e-15
483,23.3333,1.33501,4.66667,-7.62744e-15,1,0,1,1.77636e-15
484,23.3333,1.33501,4.66667,-7.72752e-15,1,0,1,-6.21725e-15
485,23.3333,1.33501,4.66667,-4.22808e-15,1,0,1,-4.44089e-15
486,23.3333,1.33501,4.66667,-1.60022e-15,1,0,1,-1.77636e-15
487,23.3333,1.33501,4.66667,-7.73641e-16,1,0,1,-4.44089e-16
488,23.3333,1.33501,4.66667,-3.63087e-16,1,0,1,4.44089e-16
489,23.3333,1.33501,4.66667,-2.39079e-16,1,0,1,0
490,23.3333,1.33501,4.66667,-2.58819e-16,1,0,1,-4.44089e-16
491,23.3333,1.33501,4.66667,-2.23109e-16,1,0,1,0
492,23.3333,1.33501,4.66667,-1.88507e-16,1,0,1,0
493,23.3333,1.33501,4.66667,-1.62477e-16,1,0,1,0
494,23.3333,1.33501,4.66667,-2.03383e-16,1,0,1,0
495,23.3333,1.33501,4.66667,-2.42402e-16,1,0,1,0
496,23.3333,1.33501,4.66667,-2.52843e-16,1,0,1,0
497,23.3333,1.33501,4.66667,-2.57904e-16,1,0,1,0
498,23.3333,1.33501,4.66667,-2.59943e-16,1,0,1,0
499,23.3333,1.33501,4.66667,-2.60783e-16,1,0,1,0
500,23.3333,1.33501,4.66667,-2.61058e-16,1,0,1,0
500,23.3333,1.33501,4.66667,-2.61058e-16,1,1,1,0
500,23.3333,1.33501,4.66667,1.09186e-11,1,1,1,3.08278e-11
500,23.3333,1.33501,4.66667,1.09186e-11,0,1,1,3.08278e-11
501,25.7331,1.61238,2.26689,0.271091,0,1,1.77066,1.0334
502,26.6714,1.65479,1.32858,0.228676,0,1,0.426772,1.0272
503,26.969,1.66751,1.03097,0.215959,0,1,0.240562,1.00363
504,27.1947,1.66862,0.80531,0.21485,0,1,0.2107,0.999986
505,27.386,1.66872,0.614013,0.21495,0,1,0.170648,0.999919
506,27.5363,1.66876,0.463705,0.21499,0,1,0.131011,0.999987
507,27.6506,1.66877,0.349357,0.214994,0,1,0.0990493,1
508,27.7369,1.66877,0.263079,0.214994,0,1,0.0746397,1
509,27.8019,1.66877,0.198088,0.214994,0,1,0.0562093,1
510,27.8509,1.66877,0.149149,0.214994,0,1,0.0423238,1
511,27.8877,1.66877,0.1123,0.214994,0,1,0.0318674,1
512,27.9154,1.66877,0.0845551,0.214994,0,1,0.0239942,1
513,27.9363,1.66877,0.0636648,0.214994,0,1,0.0180662,1
514,27.9521,1.66877,0.0479358,0.214994,0,1,0.0136027,1
515,27.9639,1.66877,0.0360928,0.214994,0,1,0.010242,1
516,27.9728,1.66877,0.0271757,0.214994,0,1,0.00771164,1
517,27.9795,1.66877,0.0204616,0.214994,0,1,0.0058064,1
518,27.9846,1.66877,0.0154064,0.214994,0,1,0.00437187,1
519,27.9884,1.66877,0.0116001,0.214994,0,1,0.00329176,1
520,27.9913,1.66877,0.00873416,0.214994,0,1,0.00247849,1
521,27.9934,1.66877,0.0065763,0.214994,0,1,0.00186616,1
522,27.995,1.66877,0.00495155,0.214994,0,1,0.0014051,1
523,27.9963,1.66877,0.00372822,0.214994,0,1,0.00105796,1
524,27.9972,1.66877,0.00280713,0.214994,0,1,0.000796579,1
525,27.9979,1.66877,0.0021136,0.214994,0,1,0.000599776,1
526,27.9984,1.66877,0.00159141,0.214994,0,1,0.000451595,1
527,27.9988,1.66877,0.00119824,0.214994,0,1,0.000340024,1
528,27.9991,1.66877,0.0009022,0.214994,0,1,0.000256017,1
529,27.9993,1.66877,0.000679303,0.214994,0,1,0.000192766,1
530,27.9995,1.66877,0.000511474,0.214994,0,1,0.000145141,1
531,27.9996,1.66877,0.000385109,0.214994,0,1,0.000109283,1
532,27.9997,1.66877,0.000289964,0.214994,0,1,8.22832e-5,1
533,27.9998,1.66877,0.000218326,0.214994,0,1,6.19543e-5,1
534,27.9998,1.66877,0.000164386,0.214994,0,1,4.66479e-5,1
535,27.9999,1.66877,0.000123773,0.214994,0,1,3.51231e-5,1
536,27.9999,1.66877,9.31936e-5,0.214994,0,1,2.64456e-5,1
537,27.9999,1.66877,7.01692e-5,0.214994,0,1,1.99119e-5,1
538,27.9999,1.66877,5.28332e-5,0.214994,0,1,1.49925e-5,1
539,28,1.66877,3.97802e-5,0.214994,0,1,1.12884e-5,1
540,28,1.66877,2.99521e-5,0.214994,0,1,8.49952e-6,1
541,28,1.66877,2.25522e-5,0.214994,0,1,6.39963e-6,1
542,28,1.66877,1.69804e-5,0.214994,0,1,4.81854e-6,1
543,28,1.66877,1.27853e-5,0.214994,0,1,3.6281e-6,1
544,28,1.66877,9.62668e-6,0.214994,0,1,2.73176e-6,1
545,28,1.66877,7.24838e-6,0.214994,0,1,2.05687e-6,1
546,28,1.66877,5.45765e-6,0.214994,0,1,1.54872e-6,1
547,28,1.66877,4.10933e-6,0.214994,0,1,1.1661e-6,1
548,28,1.66877,3.09411e-6,0.214994,0,1,8.78016e-7,1
549,28,1.66877,2.3297e-6,0.214994,0,1,6.611e-7,1
550,28,1.66877,1.75414e-6,0.214994,0,1,4.97774e-7,1
551,28,1.66877,1.32078e-6,0.214994,0,1,3.74797e-7,1
552,28,1.66877,9.94478e-7,0.214994,0,1,2.82203e-7,1
553,28,1.66877,7.4879e-7,0.214994,0,1,2.12484e-7,1
554,28,1.66877,5.638e-7,0.214994,0,1,1.59989e-7,1
555,28,1.66877,4.24512e-7,0.214994,0,1,1.20464e-7,1
556,28,1.66877,3.19657e-7,0.214994,0,1,9.07093e-8,1
557,28,1.66877,2.4072e-7,0.214994,0,1,6.83089e-8,1
558,28,1.66877,1.81276e-7,0.214994,0,1,5.14406e-8,1
559,28,1.66877,1.36504e-7,0.214994,0,1,3.8736e-8,1
560,28,1.66877,1.02789e-7,0.214994,0,1,2.91682e-8,1
561,28,1.66877,7.74045e-8,0.214994,0,1,2.19644e-8,1
562,28,1.66877,5.82914e-8,0.214994,0,1,1.65408e-8,1
563,28,1.66877,4.38965e-8,0.214994,0,1,1.24563e-8,1
564,28,1.66877,3.30548e-8,0.214994,0,1,9.37969e-9,1
565,28,1.66877,2.48912e-8,0.214994,0,1,7.06289e-9,1
566,28,1.66877,1.87447e-8,0.214994,0,1,5.31895e-9,1
567,28,1.66877,1.41161e-8,0.214994,0,1,4.00577e-9,1
568,28,1.66877,1.06298e-8,0.214994,0,1,3.01638e-9,1
569,28,1.66877,8.00533e-9,0.214994,0,1,2.27133e-9,1
570,28,1.66877,6.03457e-9,0.214994,0,1,1.71165e-9,1
571,28,1.66877,4.55899e-9,0.214994,0,1,1.29273e-9,1
572,28,1.66877,3.45004e-9,0.214994,0,1,9.78703e-10,1
573,28,1.66877,2.61492e-9,0.214994,0,1,7.42612e-10,1
574,28,1.66877,1.98645e-9,0.214994,0,1,5.63146e-10,1
575,28,1.66877,1.50946e-9,0.214994,0,1,4.18076e-10,1
576,28,1.66877,1.15856e-9,0.214994,0,1,2.91753e-10,1
577,28,1.66877,8.92441e-10,0.214994,0,1,2.00507e-10,1
578,28,1.66877,6.95036e-10,0.214994,0,1,1.63705e-10,1
579,28,1.66877,5.43302e-10,0.214994,0,1,1.36176e-10,1
580,28,1.66877,4.17641e-10,0.214994,0,1,1.1864e-10,1
581,28,1.66877,3.20713e-10,0.214994,0,1,9.86404e-11,1
582,28,1.66877,2.3875e-10,0.214994,0,1,6.84544e-11,1
583,28,1.66877,1.83299e-10,0.214994,0,1,4.53586e-11,1
584,28,1.66877,1.46178e-10,0.214994,0,1,2.64941e-11,1
585,28,1.66877,1.15202e-10,0.214994,0,1,1.90497e-11,1
586,28,1.66877,9.27231e-11,0.214994,0,1,1.81248e-11,1
587,28,1.66877,7.18161e-11,0.214994,0,1,1.66203e-11,1
588,28,1.66877,5.44472e-11,0.214994,0,1,1.61251e-11,1
589,28,1.66877,3.90012e-11,0.214994,0,1,1.40661e-11,1
590,28,1.66877,2.61551e-11,0.214994,0,1,1.15217e-11,1
591,28,1.66877,1.59091e-11,0.214994,0,1,8.49232e-12,1
592,28,1.66877,1.14541e-11,0.214994,0,1,6.28386e-12,1
593,28,1.66877,1.02616e-11,0.214994,0,1,5.05751e-12,1
594,28,1.66877,9.06908e-12,0.214994,0,1,3.83071e-12,1
595,28,1.66877,7.87655e-12,0.214994,0,1,2.60414e-12,1
596,28,1.66877,6.4979e-12,0.214994,0,1,2.25531e-12,1
597,28,1.66877,5.04086e-12,0.214994,0,1,2.27662e-12,1
598,28,1.66877,3.58383e-12,0.214994,0,1,2.29794e-12,1
599,28,1.66877,2.1268e-12,0.214994,0,1,2.31859e-12,1
600,28,1.66877,6.15955e-13,0.214994,0,1,2.23155e-12,1
600,28,1.66877,6.15955e-13,0.214994,1,1,2.23155e-12,1
600,28,1.66877,7.3264e-12,0.214994,1,1,-2.80154e-12,1
600,28,1.66877,7.3264e-12,0.214994,1,0,-2.80154e-12,1
601,30.3998,1.94613,2.39978,-0.0560972,1,0,-0.770657,-0.0334012
602,31.3381,1.98855,3.33809,-0.0136824,1,0,0.573228,-0.0272039
603,31.6357,2.00126,3.6357,-0.000965175,1,0,0.759438,-0.0036266
604,31.8614,2.00237,3.86136,0.000144458,1,0,0.7893,1.37527e-5
605,32.0527,2.00247,4.05265,4.42279e-5,1,0,0.829352,8.1461e-5
606,32.203,2.00251,4.20296,3.92579e-6,1,0,0.868989,1.2745e-5
607,32.3173,2.00252,4.31731,-3.37884e-7,1,0,0.900951,2.60745e-7
608,32.4036,2.00252,4.40359,-1.39903e-7,1,0,0.92536,-2.36771e-7
609,32.4686,2.00252,4.46858,-1.50205e-8,1,0,0.943791,-4.3616e-8
610,32.5175,2.00252,4.51752,6.50957e-10,1,0,0.957676,-1.80491e-9
611,32.5544,2.00252,4.55437,4.33608e-10,1,0,0.968133,6.59264e-10
612,32.5821,2.00252,4.58211,5.70717e-11,1,0,0.976006,1.45738e-10
613,32.603,2.00252,4.603,7.64503e-14,1,0,0.981934,1.0679e-11
614,32.6187,2.00252,4.61873,-1.38787e-12,1,0,0.986397,-1.21503e-12
615,32.6306,2.00252,4.63057,-2.25989e-13,1,0,0.989758,-1.14797e-12
616,32.6395,2.00252,4.63949,8.21142e-14,1,0,0.992288,5.28466e-14
617,32.6462,2.00252,4.6462,-2.60433e-14,1,0,0.994194,3.32179e-13
618,32.6513,2.00252,4.65126,-3.5125e-14,1,0,0.995628,-2.18936e-13
619,32.6551,2.00252,4.65507,3.4403e-14,1,0,0.996708,-8.43769e-14
620,32.6579,2.00252,4.65793,7.47582e-14,1,0,0.997522,3.89466e-13
621,32.6601,2.00252,4.66009,7.17681e-15,1,0,0.998134,-9.10383e-14
622,32.6617,2.00252,4.66172,-3.28342e-15,1,0,0.998595,-2.17604e-14
623,32.6629,2.00252,4.66294,-7.71998e-14,1,0,0.998942,-2.34923e-13
624,32.6639,2.00252,4.66386,-1.94879e-13,1,0,0.999203,-5.67546e-13
625,32.6646,2.00252,4.66455,-3.43813e-13,1,0,0.9994,-9.58789e-13
626,32.6651,2.00252,4.66508,-4.9568e-13,1,0,0.999548,-1.34159e-12
627,32.6655,2.00252,4.66547,-5.99838e-13,1,0,0.99966,-1.57208e-12
628,32.6658,2.00252,4.66576,-5.8063e-13,1,0,0.999744,-1.44418e-12
629,32.666,2.00252,4.66599,-3.41278e-13,1,0,0.999807,-7.01217e-13
630,32.6662,2.00252,4.66616,2.18476e-13,1,0,0.999855,9.08607e-13
631,32.6663,2.00252,4.66628,1.17024e-12,1,0,0.999891,3.54694e-12
632,32.6664,2.00252,4.66638,2.50617e-12,1,0,0.999918,7.14451e-12
633,32.6664,2.00252,4.66645,4.07611e-12,1,0,0.999938,1.12323e-11
634,32.6665,2.00252,4.6665,5.52049e-12,1,0,0.999953,1.47757e-11
635,32.6665,2.00252,4.66654,6.22095e-12,1,0,0.999965,1.60556e-11
636,32.6666,2.00252,4.66657,5.30455e-12,1,0,0.999974,1.27205e-11
637,32.6666,2.00252,4.6666,1.73752e-12,1,0,0.99998,2.07434e-12
638,32.6666,2.00252,4.66661,-5.43566e-12,1,0,0.999985,-1.82312e-11
639,32.6666,2.00252,4.66663,-1.538e-11,1,0,0.999989,-3.9905e-11
640,32.6666,2.00252,4.66664,-7.37157e-12,1,0,0.999992,-1.81326e-11
641,32.6666,2.00252,4.66664,-6.82811e-12,1,0,0.999994,-1.8332e-11
642,32.6666,2.00252,4.66665,3.16819e-12,1,0,0.999995,1.11409e-11
643,32.6667,2.00252,4.66665,3.39081e-12,1,0,0.999996,1.03744e-11
644,32.6667,2.00252,4.66666,4.90516e-12,1,0,0.999997,1.41016e-11
645,32.6667,2.00252,4.66666,-2.21986e-12,1,0,0.999998,-8.05889e-12
646,32.6667,2.00252,4.66666,-3.24702e-12,1,0,0.999998,-1.2391e-11
647,32.6667,2.00252,4.66666,1.75161e-12,1,0,0.999999,4.69802e-12
648,32.6667,2.00252,4.66666,8.53769e-13,1,0,0.999999,1.58318e-12
649,32.6667,2.00252,4.66666,-3.18876e-12,1,0,0.999999,-7.502e-12
650,32.6667,2.00252,4.66666,3.37572e-12,1,0,1,1.0103e-11
651,32.6667,2.00252,4.66667,-3.33891e-13,1,0,1,-2.42295e-12
652,32.6667,2.00252,4.66667,-2.8315e-12,1,0,1,-6.60361e-12
653,32.6667,2.00252,4.66667,2.3892e-12,1,0,1,6.4686e-12
654,32.6667,2.00252,4.66667,6.64654e-13,1,0,1,2.4527e-12
655,32.6667,2.00252,4.66667,2.86646e-13,1,0,1,1.51479e-12
656,32.6667,2.00252,4.66667,4.97499e-13,1,0,1,2.68008e-12
657,32.6667,2.00252,4.66667,-6.16759e-13,1,0,1,-1.43974e-12
658,32.6667,2.00252,4.66667,1.0698e-13,1,0,1,-1.86517e-13
659,32.6667,2.00252,4.66667,2.27155e-13,1,0,1,1.18927e-12
660,32.6667,2.00252,4.66667,-1.02215e-12,1,0,1,-1.5965e-12
661,32.6667,2.00252,4.66667,-4.24034e-13,1,0,1,-1.72751e-13
662,32.6667,2.00252,4.66667,1.55896e-12,1,0,1,5.09903e-12
663,32.6667,2.00252,4.66667,1.8434e-12,1,0,1,6.68443e-12
664,32.6667,2.00252,4.66667,-1.62048e-12,1,0,1,-3.77431e-12
665,32.6667,2.00252,4.66667,-4.36556e-12,1,0,1,-1.4535e-11
666,32.6667,2.00252,4.66667,-1.73223e-14,1,0,1,-3.2454e-12
667,32.6667,2.00252,4.66667,5.90051e-12,1,0,1,1.74456e-11
668,32.6667,2.00252,4.66667,1.27978e-12,1,0,1,6.84519e-12
669,32.6667,2.00252,4.66667,-6.96415e-12,1,0,1,-2.12625e-11
670,32.6667,2.00252,4.66667,-6.30381e-12,1,0,1,-2.48566e-11
671,32.6667,2.00252,4.66667,3.6305e-12,1,0,1,6.18483e-12
672,32.6667,2.00252,4.66667,9.10589e-12,1,0,1,3.03806e-11
673,32.6667,2.00252,4.66667,2.62837e-12,1,0,1,1.47509e-11
674,32.6667,2.00252,4.66667,-1.54165e-12,1,0,1,-7.59393e-13
675,32.6667,2.00252,4.66667,-2.08168e-12,1,0,1,-6.2288e-12
676,32.6667,2.00252,4.66667,-1.54741e-12,1,0,1,-6.08891e-12
677,32.6667,2.00252,4.66667,1.90093e-13,1,0,1,-2.97984e-13
678,32.6667,2.00252,4.66667,1.20387e-12,1,0,1,3.46345e-12
679,32.6667,2.00252,4.66667,2.19231e-12,1,0,1,7.98073e-12
680,32.6667,2.00252,4.66667,2.19415e-12,1,0,1,8.66285e-12
681,32.6667,2.00252,4.66667,1.45133e-12,1,0,1,6.66578e-12
682,32.6667,2.00252,4.66667,5.64846e-13,1,0,1,3.5727e-12
683,32.6667,2.00252,4.66667,-4.99118e-13,1,0,1,-7.00329e-13
684,32.6667,2.00252,4.66667,-6.48236e-13,1,0,1,-2.10409e-12
685,32.6667,2.00252,4.66667,-2.04541e-13,1,0,1,-1.20615e-12
686,32.6667,2.00252,4.66667,1.12511e-13,1,0,1,-1.03029e-13
687,32.6667,2.00252,4.66667,1.58943e-13,1,0,1,3.70814e-13
688,32.6667,2.00252,4.66667,7.39432e-14,1,0,1,2.11386e-13
689,32.6667,2.00252,4.66667,2.49657e-14,1,0,1,7.01661e-14
690,32.6667,2.00252,4.66667,-7.25533e-15,1,0,1,-2.75335e-14
691,32.6667,2.00252,4.66667,-8.87716e-15,1,0,1,-3.95239e-14
692,32.6667,2.00252,4.66667,3.02011e-16,1,0,1,-6.66134e-15
693,32.6667,2.00252,4.66667,3.37814e-15,1,0,1,7.99361e-15
694,32.6667,2.00252,4.66667,5.25215e-15,1,0,1,1.82077e-14
695,32.6667,2.00252,4.66667,3.54501e-15,1,0,1,1.46549e-14
696,32.6667,2.00252,4.66667,1.38968e-15,1,0,1,7.10543e-15
697,32.6667,2.00252,4.66667,-3.15205e-16,1,0,1,-4.44089e-16
698,32.6667,2.00252,4.66667,-9.43807e-16,1,0,1,-3.55271e-15
699,32.6667,2.00252,4.66667,-6.63669e-16,1,0,1,-2.66454e-15
700,32.6667,2.00252,4.66667,-2.82404e-16,1,0,1,-1.77636e-15
700,32.6667,2.00252,4.66667,-2.82404e-16,1,1,1,-1.77636e-15
700,32.6667,2.00252,4.66667,1.08767e-11,1,1,1,3.0707e-11
700,32.6667,2.00252,4.66667,1.08767e-11,0,1,1,3.0707e-11
701,35.0664,2.27988,2.26689,0.271091,0,1,1.77066,1.0334
702,36.0048,2.3223,1.32858,0.228676,0,1,0.426772,1.0272
703,36.3024,2.33502,1.03097,0.215959,0,1,0.240562,1.00363
704,36.528,2.33613,0.80531,0.21485,0,1,0.2107,0.999986
705,36.7193,2.33623,0.614013,0.21495,0,1,0.170648,0.999919
706,36.8696,2.33627,0.463705,0.21499,0,1,0.131011,0.999987
707,36.984,2.33627,0.349357,0.214994,0,1,0.0990493,1
708,37.0703,2.33627,0.263079,0.214994,0,1,0.0746397,1
709,37.1352,2.33627,0.198088,0.214994,0,1,0.0562093,1
710,37.1842,2.33627,0.149149,0.214994,0,1,0.0423238,1
711,37.221,2.33627,0.1123,0.214994,0,1,0.0318674,1
712,37.2488,2.33627,0.084555,0.214994,0,1,0.0239942,1
713,37.2697,2.33627,0.0636648,0.214994,0,1,0.0180662,1
714,37.2854,2.33627,0.0479358,0.214994,0,1,0.0136027,1
715,37.2972,2.33627,0.0360928,0.214994,0,1,0.010242,1
716,37.3062,2.33627,0.0271757,0.214994,0,1,0.00771164,1
717,37.3129,2.33627,0.0204616,0.214994,0,1,0.0058064,1
718,37.3179,2.33627,0.0154064,0.214994,0,1,0.00437187,1
719,37.3217,2.33627,0.0116001,0.214994,0,1,0.00329175,1
720,37.3246,2.33627,0.00873416,0.214994,0,1,0.00247849,1
721,37.3268,2.33627,0.0065763,0.214994,0,1,0.00186616,1
722,37.3284,2.33627,0.00495155,0.214994,0,1,0.0014051,1
723,37.3296,2.33627,0.00372822,0.214994,0,1,0.00105796,1
724,37.3305,2.33627,0.00280713,0.214994,0,1,0.000796579,1
725,37.3312,2.33627,0.0021136,0.214994,0,1,0.000599776,1
726,37.3317,2.33627,0.00159141,0.214994,0,1,0.000451595,1
727,37.3321,2.33627,0.00119824,0.214994,0,1,0.000340024,1
728,37.3324,2.33627,0.0009022,0.214994,0,1,0.000256017,1
729,37.3327,2.33627,0.000679303,0.214994,0,1,0.000192766,1
730,37.3328,2.33627,0.000511474,0.214994,0,1,0.000145141,1
731,37.3329,2.33627,0.000385109,0.214994,0,1,0.000109283,1
732,37.333,2.33627,0.000289964,0.214994,0,1,8.22832e-5,1
733,37.3331,2.33627,0.000218326,0.214994,0,1,6.19543e-5,1
734,37.3332,2.33627,0.000164386,0.214994,0,1,4.66479e-5,1
735,37.3332,2.33627,0.000123773,0.214994,0,1,3.5123e-5,1
736,37.3332,2.33627,9.31936e-5,0.214994,0,1,2.64455e-5,1
737,37.3333,2.33627,7.01692e-5,0.214994,0,1,1.99119e-5,1
738,37.3333,2.33627,5.28332e-5,0.214994,0,1,1.49925e-5,1
739,37.3333,2.33627,3.97802e-5,0.214994,0,1,1.12884e-5,1
740,37.3333,2.33627,2.99521e-5,0.214994,0,1,8.49951e-6,1
741,37.3333,2.33627,2.25522e-5,0.214994,0,1,6.39963e-6,1
742,37.3333,2.33627,1.69805e-5,0.214994,0,1,4.81857e-6,1
743,37.3333,2.33627,1.27854e-5,0.214994,0,1,3.62811e-6,1
744,37.3333,2.33627,9.62671e-6,0.214994,0,1,2.73177e-6,1
745,37.3333,2.33627,7.24839e-6,0.214994,0,1,2.05688e-6,1
746,37.3333,2.33627,5.45764e-6,0.214994,0,1,1.54872e-6,1
747,37.3333,2.33627,4.10931e-6,0.214994,0,1,1.1661e-6,1
748,37.3333,2.33627,3.09408e-6,0.214994,0,1,8.78008e-7,1
749,37.3333,2.33627,2.32968e-6,0.214994,0,1,6.61092e-7,1
750,37.3333,2.33627,1.75412e-6,0.214994,0,1,4.97767e-7,1
751,37.3333,2.33627,1.32076e-6,0.214994,0,1,3.74791e-7,1
752,37.3333,2.33627,9.94457e-7,0.214994,0,1,2.82197e-7,1
753,37.3333,2.33627,7.48772e-7,0.214994,0,1,2.12479e-7,1
754,37.3333,2.33627,5.63794e-7,0.214994,0,1,1.59988e-7,1
755,37.3333,2.33627,4.24548e-7,0.214994,0,1,1.20474e-7,1
756,37.3333,2.33627,3.19703e-7,0.214994,0,1,9.07237e-8,1
757,37.3333,2.33627,2.40759e-7,0.214994,0,1,6.83248e-8,1
758,37.3333,2.33627,1.81302e-7,0.214994,0,1,5.14538e-8,1
759,37.3333,2.33627,1.36525e-7,0.214994,0,1,3.87511e-8,1
760,37.3333,2.33627,1.02806e-7,0.214994,0,1,2.9182e-8,1
761,37.3333,2.33627,7.74178e-8,0.214994,0,1,2.19706e-8,1
762,37.3333,2.33627,5.83017e-8,0.214994,0,1,1.65451e-8,1
763,37.3333,2.33627,4.39044e-8,0.214994,0,1,1.24656e-8,1
764,37.3333,2.33627,3.3058e-8,0.214994,0,1,9.38688e-9,1
765,37.3333,2.33627,2.48911e-8,0.214994,0,1,7.0616e-9,1
766,37.3333,2.33627,1.87463e-8,0.214994,0,1,5.31731e-9,1
767,37.3333,2.33627,1.41194e-8,0.214994,0,1,4.01084e-9,1
768,37.3333,2.33627,1.06305e-8,0.214994,0,1,3.02066e-9,1
769,37.3333,2.33627,8.00246e-9,0.214994,0,1,2.26855e-9,1
770,37.3333,2.33627,6.02736e-9,0.214994,0,1,1.70803e-9,1
771,37.3333,2.33627,4.5408e-9,0.214994,0,1,1.29131e-9,1
772,37.3333,2.33627,3.41838e-9,0.214994,0,1,9.723e-10,1
773,37.3333,2.33627,2.57265e-9,0.214994,0,1,7.2773e-10,1
774,37.3333,2.33627,1.9382e-9,0.214994,0,1,5.43069e-10,1
775,37.3333,2.33627,1.45892e-9,0.214994,0,1,4.0211e-10,1
776,37.3333,2.33627,1.09699e-9,0.214994,0,1,3.02509e-10,1
777,37.3333,2.33627,8.22096e-10,0.214994,0,1,2.35263e-10,1
778,37.3333,2.33627,6.11663e-10,0.214994,0,1,1.79855e-10,1
779,37.3333,2.33627,4.52788e-10,0.214994,0,1,1.31471e-10,1
780,37.3333,2.33627,3.3386e-10,0.214994,0,1,9.80951e-11,1
781,37.3333,2.33627,2.46679e-10,0.214994,0,1,7.52252e-11,1
782,37.3333,2.33627,1.79262e-10,0.214994,0,1,5.89286e-11,1
783,37.3333,2.33627,1.28039e-10,0.214994,0,1,4.77702e-11,1
784,37.3333,2.33627,8.63348e-11,0.214994,0,1,3.90123e-11,1
785,37.3333,2.33627,5.64387e-11,0.214994,0,1,2.82094e-11,1
786,37.3333,2.33627,3.57122e-11,0.214994,0,1,1.26228e-11,1
787,37.3333,2.33627,2.58479e-11,0.214994,0,1,3.04667e-12,1
788,37.3333,2.33627,2.399e-11,0.214994,0,1,-1.2681e-12,1
789,37.3333,2.33627,2.00364e-11,0.214994,0,1,-4.96647e-12,1
790,37.3333,2.33627,1.75359e-11,0.214994,0,1,-6.43929e-12,1
791,37.3333,2.33627,1.64887e-11,0.214994,0,1,-5.68656e-12,1
792,37.3333,2.33627,1.5408e-11,0.214994,0,1,-4.01057e-12,1
793,37.3333,2.33627,1.31654e-11,0.214994,0,1,-3.11018e-12,1
794,37.3333,2.33627,1.09227e-11,0.214994,0,1,-2.20979e-12,1
795,37.3333,2.33627,8.68012e-12,0.214994,0,1,-1.30962e-12,1
796,37.3333,2.33627,6.43748e-12,0.214994,0,1,-4.09672e-13,1
797,37.3333,2.33627,4.19485e-12,0.214994,0,1,4.90497e-13,1
798,37.3333,2.33627,1.95222e-12,0.214994,0,1,1.39089e-12,1
799,37.3333,2.33627,-3.71404e-13,0.214994,0,1,2.41651e-12,1
800,37.3333,2.33627,-3.29168e-12,0.214994,0,1,2.85838e-12,1
800,37.3333,2.33627,-3.29168e-12,0.214994,1,1,2.85838e-12,1
800,37.3333,2.33627,-3.29168e-12,0.214994,1,1,2.85838e-12,1
