"time","r_11.y","r_22.y","y_11.y","y_22.y","IE_2.y","IE_1.y","IAE_1.y","IAE_2.y"
0,1,0,0,0,0,0,0,0
1,1,0,0.345424,0.709965,-0.531594,0.715097,0.715097,0.531594
2,1,0,0.785414,0.37724,-1.12109,1.18063,1.18063,1.12109
3,1,0,1.31057,-0.203052,-1.20323,1.11653,1.32392,1.27975
4,1,0,1.47178,-0.494107,-0.815973,0.685829,1.75463,1.66701
5,1,0,1.21618,-0.321631,-0.374657,0.316211,2.12425,2.10832
6,1,0,0.841366,0.0737087,-0.248465,0.293472,2.22083,2.24863
7,1,0,0.676842,0.323084,-0.470844,0.56029,2.48765,2.471
8,1,0,0.809966,0.25636,-0.785617,0.837361,2.76472,2.78578
9,1,0,1.06796,-0.00344343,-0.917672,0.89803,2.84425,2.91788
10,1,0,1.21461,-0.203766,-0.799921,0.74038,3.0019,3.03563
11,1,0,1.15544,-0.195335,-0.582248,0.53974,3.20254,3.2533
12,1,0,0.983277,-0.0305307,-0.462762,0.468,3.27589,3.37279
13,1,0,0.862229,0.12304,-0.516816,0.555139,3.36303,3.43182
14,1,0,0.879183,0.143443,-0.662761,0.695909,3.5038,3.57777
15,1,0,0.990294,0.0432113,-0.762335,0.76459,3.57248,3.67734
16,1,0,1.08502,-0.0701476,-0.745008,0.721284,3.61657,3.70932
17,1,0,1.09021,-0.101954,-0.650322,0.625503,3.71235,3.80401
18,1,0,1.0212,-0.0442416,-0.571849,0.566277,3.77158,3.88248
19,1,0,0.950079,0.036711,-0.569612,0.583599,3.79433,3.90315
20,1,0,0.934908,0.0702646,-0.628786,0.646736,3.85746,3.96232
21,1,0,0.975769,0.0395852,-0.688043,0.694552,3.90528,4.02158
22,1,0,1.02734,-0.0164618,-0.699369,0.691661,3.91866,4.03805
23,1,0,1.04551,-0.0469454,-0.664049,0.651471,3.95885,4.07337
24,1,0,1.02286,-0.0327535,-0.62087,0.614671,3.99565,4.11655
25,1,0,0.986632,0.00487048,-0.60652,0.610329,4.00535,4.13153
26,1,0,0.969139,0.0303396,-0.62633,0.634879,4.0299,4.15134
27,1,0,0.980459,0.0256774,-0.656802,0.662131,4.05715,4.18181
28,1,0,1.00514,0.00123496,-0.670928,0.669424,4.06555,4.19594
29,1,0,1.02027,-0.0188741,-0.660833,0.655205,4.07977,4.20609
30,1,0,1.01568,-0.019308,-0.63998,0.635686,4.09929,4.22695
31,1,0,0.999395,-0.00400856,-0.627605,0.627832,4.10716,4.23932
32,1,0,0.987152,0.0111991,-0.631882,0.63546,4.11479,4.24449
33,1,0,0.987987,0.0140175,-0.645713,0.649013,4.12834,4.25832
34,1,0,0.99837,0.00486735,-0.655811,0.65622,4.13555,4.26842
35,1,0,1.00781,-0.00622847,-0.654811,0.65263,4.13937,4.27136
36,1,0,1.00886,-0.00985828,-0.645945,0.643505,4.1485,4.28023
37,1,0,1.00251,-0.00471126,-0.638111,0.637445,4.15456,4.28806
38,1,0,0.99551,0.00312853,-0.637428,0.638689,4.15659,4.29011
39,1,0,0.993675,0.00672362,-0.64289,0.644635,4.16254,4.29557
40,1,0,0.997364,0.00408839,-0.648731,0.649442,4.16734,4.30141
41,1,0,1.00238,-0.00128322,-0.650138,0.649464,4.16862,4.30314
42,1,0,1.00438,-0.00444333,-0.646939,0.645728,4.17236,4.30634
43,1,0,1.00239,-0.00331497,-0.64273,0.64208,4.17601,4.31055
44,1,0,0.998902,0.000252143,-0.64114,0.641455,4.177,4.31216
45,1,0,0.997064,0.00283665,-0.642886,0.6437,4.17925,4.3139
46,1,0,0.998005,0.00255963,-0.645826,0.646371,4.18192,4.31684
47,1,0,1.00036,0.000269872,-0.647317,0.64721,4.18281,4.31833
48,1,0,1.00191,-0.00173882,-0.646469,0.645939,4.18409,4.31921
49,1,0,1.00157,-0.00190082,-0.644478,0.644047,4.18598,4.3212
50,1,0,1.00004,-0.000487896,-0.643207,0.643202,4.18682,4.32247
51,1,0,0.998808,0.00101189,-0.643528,0.64386,4.18748,4.32293
52,1,0,0.998811,0.00136482,-0.644833,0.64516,4.18878,4.32424
53,1,0,0.999776,0.000535294,-0.645851,0.645909,4.18953,4.32526
54,1,0,1.00071,-0.000546784,-0.64582,0.645621,4.18986,4.32553
55,1,0,1.00087,-0.00094987,-0.644994,0.644755,4.19073,4.32636
56,1,0,1.00029,-0.000495646,-0.644215,0.644139,4.19135,4.32714
57,1,0,0.9996,0.000260911,-0.644104,0.644217,4.19153,4.32735
58,1,0,0.999388,0.000641053,-0.644606,0.644775,4.19209,4.32785
59,1,0,0.999718,0.000419019,-0.645179,0.645256,4.19257,4.32842
60,1,0,1.0002,-9.39491e-5,-0.645345,0.645287,4.1927,4.3286
61,1,0,1.00042,-0.000418888,-0.645057,0.644941,4.19304,4.32889
62,1,0,1.00025,-0.000333641,-0.644648,0.644581,4.1934,4.3293
63,1,0,0.999913,3.23726e-6,-0.644476,0.644501,4.19351,4.32947
64,1,0,0.999722,0.000263983,-0.644628,0.644705,4.19371,4.32962
65,1,0,0.999798,0.000254016,-0.64491,0.644966,4.19397,4.32991
66,1,0,1.00002,4.04833e-5,-0.645066,0.64506,4.19407,4.33006
67,1,0,1.00018,-0.000159244,-0.644997,0.644947,4.19418,4.33014
68,1,0,1.00016,-0.000186408,-0.644807,0.644764,4.19436,4.33033
69,1,0,1.00001,-5.66624e-5,-0.644678,0.644675,4.19445,4.33046
70,1,0,0.99989,9.06647e-5,-0.6447,0.64473,4.19451,4.3305
71,1,0,0.999883,0.000132409,-0.644822,0.644855,4.19463,4.33062
72,1,0,0.999972,5.77994e-5,-0.644925,0.644932,4.19471,4.33072
73,1,0,1.00006,-4.73445e-5,-0.644928,0.64491,4.19474,4.33075
74,1,0,1.00008,-9.11976e-5,-0.644851,0.644828,4.19482,4.33083
75,1,0,1.00003,-5.16155e-5,-0.644774,0.644766,4.19488,4.33091
76,1,0,0.999965,2.11352e-5,-0.644759,0.644769,4.1949,4.33093
77,1,0,0.999941,6.08924e-5,-0.644805,0.644821,4.19495,4.33097
78,1,0,0.99997,4.26541e-5,-0.644861,0.644869,4.195,4.33103
79,1,0,1.00002,-6.15177e-6,-0.64488,0.644875,4.19501,4.33105
80,1,0,1.00004,-3.93255e-5,-0.644854,0.644843,4.19504,4.33107
81,1,0,1.00003,-3.34082e-5,-0.644815,0.644808,4.19508,4.33111
82,1,0,0.999993,-1.72327e-6,-0.644796,0.644798,4.19509,4.33113
83,1,0,0.999974,2.44435e-5,-0.644809,0.644816,4.19511,4.33114
84,1,0,0.99998,2.51021e-5,-0.644836,0.644842,4.19513,4.33117
85,1,0,1,5.28557e-6,-0.644852,0.644852,4.19514,4.33119
86,1,0,1.00002,-1.44882e-5,-0.644847,0.644842,4.19515,4.33119
87,1,0,1.00002,-1.82121e-5,-0.644829,0.644825,4.19517,4.33121
88,1,0,1,-6.37249e-6,-0.644816,0.644815,4.19518,4.33123
89,1,0,0.99999,8.0449e-6,-0.644817,0.64482,4.19519,4.33123
90,1,0,0.999988,1.28e-5,-0.644829,0.644832,4.1952,4.33124
91,1,0,0.999997,6.15006e-6,-0.644839,0.64484,4.19521,4.33125
92,1,0,1.00001,-4.02971e-6,-0.64484,0.644838,4.19521,4.33125
93,1,0,1.00001,-8.72413e-6,-0.644833,0.64483,4.19522,4.33126
94,1,0,1,-5.32788e-6,-0.644825,0.644824,4.19522,4.33127
95,1,0,0.999997,1.64225e-6,-0.644823,0.644824,4.19522,4.33127
96,1,0,0.999994,5.76123e-6,-0.644827,0.644829,4.19523,4.33128
97,1,0,0.999997,4.31485e-6,-0.644833,0.644834,4.19523,4.33128
98,1,0,1,-3.1047e-7,-0.644835,0.644834,4.19524,4.33128
99,1,0,1,-3.67515e-6,-0.644833,0.644832,4.19524,4.33128
100,1,0,1,-3.32845e-6,-0.644829,0.644828,4.19524,4.33129
100,1,0,1,-3.32845e-6,-0.644829,0.644828,4.19524,4.33129
100,1,0,1,-3.32845e-6,-0.644829,0.644828,4.19524,4.33129
100,0,1,1,-3.32845e-6,-0.644829,0.644828,4.19524,4.33129
101,0,1,1.25699,-0.364542,0.601864,-0.697171,5.53724,5.57798
102,0,1,0.283501,0.408176,1.65689,-1.51171,6.35178,6.63301
103,0,1,-0.692071,1.51362,1.67493,-1.26565,6.66817,6.91503
104,0,1,-0.892675,1.96588,0.85697,-0.395874,7.53795,7.733
105,0,1,-0.326425,1.53781,0.0460361,0.256523,8.19034,8.54393
106,0,1,0.380624,0.767655,-0.102893,0.210571,8.37473,8.76757
107,0,1,0.625088,0.353757,0.386305,-0.344104,8.9294,9.25677
108,0,1,0.30991,0.553606,0.978149,-0.847224,9.43252,9.84861
109,0,1,-0.187506,1.07141,1.17087,-0.902534,9.56472,10.0513
110,0,1,-0.424509,1.41838,0.89547,-0.562951,9.90431,10.3267
111,0,1,-0.265962,1.35077,0.477157,-0.189693,10.2776,10.745
112,0,1,0.0734055,1.01381,0.285932,-0.0924299,10.3913,10.9362
113,0,1,0.279264,0.739189,0.427126,-0.289716,10.5886,11.0779
114,0,1,0.214011,0.735741,0.71384,-0.557484,10.8564,11.3646
115,0,1,-0.0103429,0.947083,0.882096,-0.663474,10.9628,11.5329
116,0,1,-0.177363,1.15517,0.821461,-0.557141,11.0691,11.6049
117,0,1,-0.164281,1.19217,0.630994,-0.37094,11.2553,11.7953
118,0,1,-0.0209937,1.06545,0.493296,-0.273115,11.3532,11.933
119,0,1,0.108031,0.913368,0.508381,-0.323614,11.4064,11.9737
120,0,1,0.121401,0.864643,0.630692,-0.44917,11.532,12.096
121,0,1,0.0335239,0.936184,0.737764,-0.531709,11.6145,12.2031
122,0,1,-0.06233,1.0438,0.7462,-0.513766,11.6428,12.231
123,0,1,-0.086783,1.09246,0.67069,-0.4318,11.7247,12.3065
124,0,1,-0.0356097,1.05561,0.590711,-0.36617,11.7904,12.3865
125,0,1,0.0332393,0.981761,0.572019,-0.366469,11.8079,12.4099
126,0,1,0.0601423,0.938799,0.616379,-0.418068,11.8595,12.4543
127,0,1,0.0324622,0.954782,0.674103,-0.467981,11.9094,12.512
128,0,1,-0.0154707,1.0039,0.695521,-0.476147,11.923,12.5337
129,0,1,-0.0404136,1.03914,0.671208,-0.445063,11.954,12.5581
130,0,1,-0.0271804,1.03499,0.630835,-0.408469,11.9906,12.5984
131,0,1,0.00518002,1.0034,0.610607,-0.397208,12.0027,12.6187
132,0,1,0.0262835,0.975952,0.622512,-0.414873,12.0204,12.6309
133,0,1,0.0214935,0.973969,0.649896,-0.440843,12.0464,12.6583
134,0,1,0.000339951,0.993503,0.667201,-0.452272,12.0578,12.6756
135,0,1,-0.016473,1.01404,0.66261,-0.443076,12.067,12.682
136,0,1,-0.0162748,1.01872,0.64462,-0.425204,12.0849,12.6999
137,0,1,-0.00293797,1.00722,0.630726,-0.415024,12.0951,12.7138
138,0,1,0.00986822,0.992381,0.631287,-0.419104,12.0997,12.7177
139,0,1,0.0118871,0.986951,0.642695,-0.431027,12.1116,12.7291
140,0,1,0.00383745,0.993275,0.653343,-0.439425,12.12,12.7397
141,0,1,-0.00556386,1.00367,0.654772,-0.438265,12.1226,12.7425
142,0,1,-0.00840723,1.00882,0.647837,-0.430572,12.1303,12.7495
143,0,1,-0.00382066,1.00571,0.639979,-0.424003,12.1368,12.7573
144,0,1,0.00285963,0.998649,0.637765,-0.423633,12.1386,12.7598
145,0,1,0.00576603,0.994227,0.641756,-0.428409,12.1433,12.7638
146,0,1,0.003368,0.995445,0.647366,-0.43334,12.1483,12.7694
147,0,1,-0.00123469,1.00009,0.649698,-0.434398,12.1497,12.7718
148,0,1,-0.00383297,1.00365,0.647578,-0.431571,12.1525,12.7739
149,0,1,-0.00275975,1.00347,0.643695,-0.427997,12.1561,12.7778
150,0,1,0.00031456,1.00053,0.641579,-0.426733,12.1574,12.7799
151,0,1,0.00246324,0.997796,0.642558,-0.428299,12.1589,12.7809
152,0,1,0.00214794,0.997446,0.645163,-0.430809,12.1615,12.7835
153,0,1,0.000161706,0.999241,0.646931,-0.432024,12.1627,12.7853
154,0,1,-0.00152208,1.00126,0.646611,-0.431243,12.1635,12.7859
155,0,1,-0.00160563,1.00182,0.644918,-0.429533,12.1652,12.7876
156,0,1,-0.000370461,1.00078,0.643524,-0.428483,12.1662,12.789
157,0,1,0.00089524,0.999339,0.643491,-0.428799,12.1666,12.7893
158,0,1,0.00115965,0.998747,0.64455,-0.429927,12.1678,12.7904
159,0,1,0.000427095,0.999299,0.645605,-0.430776,12.1686,12.7914
160,0,1,-0.000491534,1.0003,0.645802,-0.43072,12.1688,12.7917
161,0,1,-0.000811587,1.00084,0.645168,-0.430001,12.1696,12.7924
162,0,1,-0.000404452,1.00058,0.644399,-0.429346,12.1702,12.7931
163,0,1,0.00024143,0.99991,0.644147,-0.429272,12.1704,12.7934
164,0,1,0.000550825,0.999458,0.644503,-0.429712,12.1708,12.7938
165,0,1,0.000346564,0.999544,0.645046,-0.430197,12.1713,12.7943
166,0,1,-9.38271e-5,0.99998,0.645296,-0.430325,12.1715,12.7946
167,0,1,-0.000362124,1.00034,0.645114,-0.43007,12.1717,12.7947
168,0,1,-0.000278571,1.00034,0.644742,-0.429722,12.1721,12.7951
169,0,1,1.23795e-5,1.00007,0.644522,-0.429583,12.1722,12.7953
170,0,1,0.000229815,0.999799,0.6446,-0.429721,12.1723,12.7954
171,0,1,0.000213663,0.99975,0.644847,-0.429962,12.1726,12.7957
172,0,1,2.79787e-5,0.999914,0.645026,-0.43009,12.1727,12.7958
173,0,1,-0.000139849,1.00011,0.645008,-0.430025,12.1728,12.7959
174,0,1,-0.000157784,1.00018,0.644849,-0.429862,12.1729,12.7961
175,0,1,-4.40068e-5,1.00008,0.64471,-0.429755,12.1731,12.7962
176,0,1,8.05862e-5,0.999944,0.644698,-0.429778,12.1731,12.7962
177,0,1,0.00011272,0.99988,0.644796,-0.429884,12.1732,12.7963
178,0,1,4.6544e-5,0.999928,0.6449,-0.429969,12.1733,12.7964
179,0,1,-4.28903e-5,1.00002,0.644925,-0.429969,12.1733,12.7965
180,0,1,-7.80697e-5,1.00008,0.644867,-0.429902,12.1734,12.7965
181,0,1,-4.23396e-5,1.00006,0.644792,-0.429837,12.1734,12.7966
182,0,1,1.98867e-5,0.999995,0.644764,-0.429827,12.1735,12.7966
183,0,1,5.24272e-5,0.999949,0.644796,-0.429867,12.1735,12.7967
184,0,1,3.5403e-5,0.999954,0.644848,-0.429914,12.1735,12.7967
185,0,1,-6.58038e-6,0.999995,0.644874,-0.429929,12.1736,12.7967
186,0,1,-3.40727e-5,1.00003,0.644859,-0.429906,12.1736,12.7968
187,0,1,-2.79687e-5,1.00003,0.644824,-0.429873,12.1736,12.7968
188,0,1,-5.42916e-7,1.00001,0.644801,-0.429858,12.1736,12.7968
189,0,1,2.13378e-5,0.999982,0.644807,-0.429869,12.1736,12.7968
190,0,1,2.1162e-5,0.999976,0.64483,-0.429893,12.1737,12.7968
191,0,1,3.8846e-6,0.999991,0.644848,-0.429906,12.1737,12.7969
192,0,1,-1.27687e-5,1.00001,0.644848,-0.429901,12.1737,12.7969
193,0,1,-1.5446e-5,1.00002,0.644833,-0.429885,12.1737,12.7969
194,0,1,-5.0285e-6,1.00001,0.644819,-0.429874,12.1737,12.7969
195,0,1,7.18856e-6,0.999995,0.644817,-0.429876,12.1737,12.7969
196,0,1,1.09172e-5,0.999989,0.644826,-0.429886,12.1737,12.7969
197,0,1,4.98963e-6,0.999993,0.644836,-0.429894,12.1737,12.7969
198,0,1,-3.68576e-6,1,0.644839,-0.429895,12.1737,12.7969
199,0,1,-7.48277e-6,1.00001,0.644834,-0.429889,12.1737,12.7969
200,0,1,-4.39047e-6,1.00001,0.644827,-0.429882,12.1737,12.7969
200,1,1,-4.39047e-6,1.00001,0.644827,-0.429882,12.1737,12.7969
200,1,1,-4.39047e-6,1.00001,0.644827,-0.429882,12.1737,12.7969
200,1,0,-4.39047e-6,1.00001,0.644827,-0.429882,12.1737,12.7969
201,1,0,-0.256991,1.36454,-0.601867,0.912117,13.5157,14.0436
202,1,0,0.716502,0.591821,-1.65689,1.72666,14.3303,15.0987
203,1,0,1.69207,-0.513627,-1.67493,1.4806,14.6467,15.3807
204,1,0,1.89267,-0.965883,-0.856968,0.610815,15.5164,16.1986
205,1,0,1.32642,-0.537812,-0.0460348,-0.0415802,16.1688,17.0096
206,1,0,0.619374,0.232346,0.102892,0.00437315,16.3532,17.2332
207,1,0,0.374912,0.646243,-0.386307,0.559048,16.9079,17.7224
208,1,0,0.690091,0.446393,-0.97815,1.06217,17.411,18.3143
209,1,0,1.18751,-0.0714062,-1.17087,1.11748,17.5432,18.5169
210,1,0,1.42451,-0.41838,-0.89547,0.777894,17.8828,18.7923
211,1,0,1.26596,-0.350771,-0.477156,0.404636,18.2561,19.2106
212,1,0,0.926594,-0.0138063,-0.285931,0.307373,18.3698,19.4019
213,1,0,0.720736,0.260811,-0.427126,0.50466,18.5671,19.5436
214,1,0,0.78599,0.264259,-0.713841,0.772428,18.8349,19.8303
215,1,0,1.01034,0.0529162,-0.882096,0.878417,18.9413,19.9985
216,1,0,1.17736,-0.155169,-0.821461,0.772084,19.0476,20.0705
217,1,0,1.16428,-0.192168,-0.630994,0.585883,19.2338,20.261
218,1,0,1.02099,-0.0654456,-0.493296,0.488058,19.3317,20.3987
219,1,0,0.891969,0.0866323,-0.508381,0.538558,19.3849,20.4393
220,1,0,0.878599,0.135357,-0.630692,0.664114,19.5105,20.5616
221,1,0,0.966476,0.0638161,-0.737765,0.746653,19.593,20.6687
222,1,0,1.06233,-0.0438018,-0.7462,0.728709,19.6213,20.6967
223,1,0,1.08678,-0.0924588,-0.67069,0.646743,19.7032,20.7722
224,1,0,1.03561,-0.0556108,-0.590711,0.581113,19.7689,20.8522
225,1,0,0.966761,0.0182388,-0.572019,0.581412,19.7864,20.8756
226,1,0,0.939858,0.061201,-0.616379,0.633012,19.838,20.9199
227,1,0,0.967538,0.0452183,-0.674103,0.682924,19.8879,20.9777
228,1,0,1.01547,-0.00390162,-0.695521,0.69109,19.9015,20.9994
229,1,0,1.04041,-0.0391429,-0.671208,0.660006,19.9325,21.0237
230,1,0,1.02718,-0.0349901,-0.630835,0.623413,19.9691,21.0641
231,1,0,0.99482,-0.0034031,-0.610607,0.612152,19.9812,21.0843
232,1,0,0.973717,0.0240476,-0.622512,0.629816,19.9989,21.0965
233,1,0,0.978507,0.0260308,-0.649896,0.655786,20.0249,21.1239
234,1,0,0.99966,0.00649743,-0.667201,0.667216,20.0363,21.1412
235,1,0,1.01647,-0.0140362,-0.66261,0.65802,20.0455,21.1476
236,1,0,1.01627,-0.0187204,-0.64462,0.640147,20.0634,21.1656
237,1,0,1.00294,-0.00721983,-0.630726,0.629968,20.0736,21.1795
238,1,0,0.990132,0.00761896,-0.631287,0.634047,20.0782,21.1833
239,1,0,0.988113,0.0130487,-0.642695,0.64597,20.0901,21.1947
240,1,0,0.996163,0.00672479,-0.653343,0.654368,20.0985,21.2054
241,1,0,1.00556,-0.00366599,-0.654772,0.653208,20.1011,21.2082
242,1,0,1.00841,-0.00882009,-0.647837,0.645515,20.1088,21.2151
243,1,0,1.00382,-0.00570564,-0.639979,0.638946,20.1153,21.223
244,1,0,0.99714,0.00135052,-0.637765,0.638576,20.1171,21.2255
245,1,0,0.994234,0.00577308,-0.641756,0.643352,20.1218,21.2294
246,1,0,0.996632,0.00455465,-0.647366,0.648283,20.1268,21.2351
247,1,0,1.00123,-8.69666e-5,-0.649698,0.649341,20.1282,21.2374
248,1,0,1.00383,-0.0036453,-0.647578,0.646514,20.131,21.2395
249,1,0,1.00276,-0.00347463,-0.643695,0.64294,20.1346,21.2434
250,1,0,0.999685,-0.000526912,-0.641579,0.641677,20.1359,21.2455
251,1,0,0.997537,0.00220436,-0.642558,0.643243,20.1374,21.2466
252,1,0,0.997852,0.0025542,-0.645163,0.645753,20.14,21.2492
253,1,0,0.999838,0.000758917,-0.646931,0.646968,20.1412,21.2509
254,1,0,1.00152,-0.0012593,-0.646611,0.646186,20.142,21.2515
255,1,0,1.00161,-0.00181715,-0.644918,0.644477,20.1437,21.2532
256,1,0,1.00037,-0.000781455,-0.643524,0.643427,20.1447,21.2546
257,1,0,0.999105,0.00066118,-0.643491,0.643742,20.1451,21.255
258,1,0,0.99884,0.00125349,-0.64455,0.64487,20.1463,21.256
259,1,0,0.999573,0.000701281,-0.645605,0.645719,20.1471,21.2571
260,1,0,1.00049,-0.000298437,-0.645802,0.645663,20.1473,21.2574
261,1,0,1.00081,-0.000838285,-0.645168,0.644944,20.1481,21.258
262,1,0,1.0004,-0.000581359,-0.644399,0.64429,20.1487,21.2588
263,1,0,0.999759,9.03778e-5,-0.644147,0.644216,20.1489,21.259
264,1,0,0.999449,0.000542332,-0.644503,0.644655,20.1493,21.2594
265,1,0,0.999653,0.0004564,-0.645046,0.645141,20.1498,21.2599
266,1,0,1.00009,1.9556e-5,-0.645296,0.645268,20.15,21.2602
267,1,0,1.00036,-0.000337803,-0.645114,0.645013,20.1502,21.2604
268,1,0,1.00028,-0.000343577,-0.644742,0.644665,20.1506,21.2607
269,1,0,0.999988,-6.98085e-5,-0.644522,0.644527,20.1507,21.261
270,1,0,0.99977,0.000200762,-0.6446,0.644664,20.1508,21.2611
271,1,0,0.999786,0.000249683,-0.644847,0.644906,20.1511,21.2613
272,1,0,0.999972,8.56966e-5,-0.645026,0.645033,20.1512,21.2615
273,1,0,1.00014,-0.000111917,-0.645008,0.644968,20.1513,21.2615
274,1,0,1.00016,-0.000175761,-0.644849,0.644806,20.1514,21.2617
275,1,0,1.00004,-8.33151e-5,-0.64471,0.644698,20.1516,21.2618
276,1,0,0.999919,5.64392e-5,-0.644698,0.644721,20.1516,21.2619
277,1,0,0.999887,0.000119984,-0.644796,0.644827,20.1517,21.262
278,1,0,0.999953,7.2481e-5,-0.6449,0.644913,20.1518,21.2621
279,1,0,1.00004,-2.3363e-5,-0.644925,0.644912,20.1518,21.2621
280,1,0,1.00008,-7.93698e-5,-0.644867,0.644846,20.1519,21.2622
281,1,0,1.00004,-5.88692e-5,-0.644792,0.644781,20.1519,21.2622
282,1,0,0.99998,4.83939e-6,-0.644764,0.64477,20.152,21.2623
283,1,0,0.999948,5.07265e-5,-0.644796,0.64481,20.152,21.2623
284,1,0,0.999965,4.55138e-5,-0.644848,0.644858,20.152,21.2624
285,1,0,1.00001,4.57538e-6,-0.644874,0.644872,20.1521,21.2624
286,1,0,1.00003,-3.1136e-5,-0.644859,0.64485,20.1521,21.2624
287,1,0,1.00003,-3.38359e-5,-0.644824,0.644816,20.1521,21.2624
288,1,0,1,-8.54113e-6,-0.644801,0.644801,20.1521,21.2625
289,1,0,0.999979,1.81519e-5,-0.644807,0.644813,20.1521,21.2625
290,1,0,0.999979,2.43178e-5,-0.64483,0.644836,20.1522,21.2625
291,1,0,0.999996,9.44187e-6,-0.644848,0.644849,20.1522,21.2625
292,1,0,1.00001,-9.83558e-6,-0.644848,0.644844,20.1522,21.2625
293,1,0,1.00002,-1.694e-5,-0.644833,0.644829,20.1522,21.2625
294,1,0,1.00001,-8.77356e-6,-0.644819,0.644818,20.1522,21.2625
295,1,0,0.999993,4.71697e-6,-0.644817,0.644819,20.1522,21.2625
296,1,0,0.999989,1.14431e-5,-0.644826,0.644829,20.1522,21.2625
297,1,0,0.999995,7.43309e-6,-0.644836,0.644838,20.1522,21.2626
298,1,0,1,-1.72222e-6,-0.644839,0.644838,20.1522,21.2626
299,1,0,1.00001,-7.48512e-6,-0.644834,0.644832,20.1522,21.2626
300,1,0,1,-5.92789e-6,-0.644827,0.644826,20.1522,21.2626
300,1,1,1,-5.92789e-6,-0.644827,0.644826,20.1522,21.2626
300,1,1,1,-5.92788e-6,-0.644827,0.644826,20.1522,21.2626
300,0,1,1,-5.92788e-6,-0.644827,0.644826,20.1522,21.2626
301,0,1,1.25699,-0.364542,0.601867,-0.697174,21.4942,22.5093
302,0,1,0.283498,0.408179,1.65689,-1.51171,22.3088,23.5643
303,0,1,-0.692073,1.51363,1.67493,-1.26565,22.6252,23.8463
304,0,1,-0.892674,1.96588,0.856968,-0.395872,23.4949,24.6643
305,0,1,-0.326423,1.53781,0.0460348,0.256524,24.1473,25.4752
306,0,1,0.380626,0.767654,-0.102892,0.21057,24.3317,25.6989
307,0,1,0.625088,0.353757,0.386307,-0.344105,24.8864,26.1881
308,0,1,0.309909,0.553607,0.97815,-0.847225,25.3895,26.7799
309,0,1,-0.187507,1.07141,1.17087,-0.902534,25.5217,26.9826
310,0,1,-0.424509,1.41838,0.89547,-0.56295,25.8613,27.258
311,0,1,-0.265962,1.35077,0.477156,-0.189692,26.2346,27.6763
312,0,1,0.0734062,1.01381,0.285931,-0.0924301,26.3483,27.8675
313,0,1,0.279264,0.739189,0.427126,-0.289716,26.5456,28.0092
314,0,1,0.21401,0.735741,0.713841,-0.557484,26.8134,28.2959
315,0,1,-0.0103434,0.947084,0.882096,-0.663474,26.9198,28.4642
316,0,1,-0.177363,1.15517,0.821461,-0.55714,27.0261,28.5362
317,0,1,-0.164281,1.19217,0.630994,-0.37094,27.2123,28.7266
318,0,1,-0.0209933,1.06545,0.493296,-0.273115,27.3102,28.8643
319,0,1,0.108031,0.913368,0.508381,-0.323614,27.3634,28.905
320,0,1,0.121401,0.864643,0.630692,-0.44917,27.489,29.0273
321,0,1,0.0335236,0.936184,0.737765,-0.531709,27.5715,29.1343
322,0,1,-0.0623302,1.0438,0.7462,-0.513766,27.5998,29.1623
323,0,1,-0.086783,1.09246,0.67069,-0.431799,27.6817,29.2378
324,0,1,-0.0356096,1.05561,0.590711,-0.36617,27.7474,29.3178
325,0,1,0.0332394,0.981761,0.572019,-0.366469,27.7649,29.3412
326,0,1,0.0601423,0.938799,0.616379,-0.418069,27.8165,29.3856
327,0,1,0.0324621,0.954782,0.674103,-0.467981,27.8664,29.4433
328,0,1,-0.0154708,1.0039,0.695521,-0.476147,27.88,29.465
329,0,1,-0.0404136,1.03914,0.671208,-0.445063,27.911,29.4893
330,0,1,-0.0271804,1.03499,0.630835,-0.408469,27.9476,29.5297
331,0,1,0.0051801,1.0034,0.610607,-0.397208,27.9597,29.5499
332,0,1,0.0262835,0.975952,0.622512,-0.414873,27.9774,29.5622
333,0,1,0.0214934,0.973969,0.649896,-0.440843,28.0034,29.5896
334,0,1,0.000339901,0.993503,0.667201,-0.452272,28.0148,29.6069
335,0,1,-0.016473,1.01404,0.66261,-0.443076,28.024,29.6132
336,0,1,-0.0162747,1.01872,0.64462,-0.425204,28.0419,29.6312
337,0,1,-0.00293794,1.00722,0.630726,-0.415024,28.0521,29.6451
338,0,1,0.00986823,0.992381,0.631287,-0.419104,28.0567,29.6489
339,0,1,0.0118871,0.986951,0.642695,-0.431027,28.0686,29.6604
340,0,1,0.00383743,0.993275,0.653343,-0.439425,28.077,29.671
341,0,1,-0.00556388,1.00367,0.654772,-0.438265,28.0796,29.6738
342,0,1,-0.00840722,1.00882,0.647837,-0.430572,28.0873,29.6808
343,0,1,-0.00382064,1.00571,0.639979,-0.424003,28.0938,29.6886
344,0,1,0.00285964,0.998649,0.637765,-0.423633,28.0956,29.6911
345,0,1,0.00576603,0.994227,0.641756,-0.428409,28.1003,29.6951
346,0,1,0.00336799,0.995445,0.647366,-0.43334,28.1053,29.7007
347,0,1,-0.0012347,1.00009,0.649698,-0.434398,28.1067,29.703
348,0,1,-0.00383297,1.00365,0.647578,-0.431571,28.1095,29.7052
349,0,1,-0.00275974,1.00347,0.643695,-0.427997,28.1131,29.709
350,0,1,0.000314567,1.00053,0.641579,-0.426733,28.1144,29.7112
351,0,1,0.00246324,0.997796,0.642558,-0.428299,28.1159,29.7122
352,0,1,0.00214794,0.997446,0.645163,-0.430809,28.1185,29.7148
353,0,1,0.000161702,0.999241,0.646931,-0.432024,28.1197,29.7166
354,0,1,-0.00152208,1.00126,0.646611,-0.431243,28.1205,29.7172
355,0,1,-0.00160563,1.00182,0.644918,-0.429533,28.1222,29.7189
356,0,1,-0.000370456,1.00078,0.643524,-0.428483,28.1232,29.7202
357,0,1,0.000895241,0.999339,0.643491,-0.428799,28.1236,29.7206
358,0,1,0.00115964,0.998747,0.64455,-0.429927,28.1248,29.7217
359,0,1,0.000427091,0.999299,0.645605,-0.430776,28.1256,29.7227
360,0,1,-0.000491535,1.0003,0.645802,-0.43072,28.1258,29.723
361,0,1,-0.000811585,1.00084,0.645168,-0.430001,28.1266,29.7237
362,0,1,-0.000404449,1.00058,0.644399,-0.429346,28.1272,29.7244
363,0,1,0.00024143,0.99991,0.644147,-0.429272,28.1274,29.7247
364,0,1,0.000550825,0.999458,0.644503,-0.429712,28.1278,29.725
365,0,1,0.000346562,0.999544,0.645046,-0.430197,28.1283,29.7256
366,0,1,-9.38274e-5,0.99998,0.645296,-0.430325,28.1285,29.7258
367,0,1,-0.000362123,1.00034,0.645114,-0.43007,28.1287,29.726
368,0,1,-0.00027857,1.00034,0.644742,-0.429722,28.1291,29.7264
369,0,1,1.23797e-5,1.00007,0.644522,-0.429583,28.1292,29.7266
370,0,1,0.000229814,0.999799,0.6446,-0.429721,28.1293,29.7267
371,0,1,0.000213663,0.99975,0.644847,-0.429962,28.1296,29.727
372,0,1,2.79786e-5,0.999914,0.645026,-0.43009,28.1297,29.7271
373,0,1,-0.000139849,1.00011,0.645008,-0.430025,28.1298,29.7272
374,0,1,-0.000157783,1.00018,0.644849,-0.429862,28.1299,29.7273
375,0,1,-4.4007e-5,1.00008,0.64471,-0.429755,28.1301,29.7275
376,0,1,8.05864e-5,0.999944,0.644698,-0.429778,28.1301,29.7275
377,0,1,0.000112721,0.99988,0.644796,-0.429884,28.1302,29.7276
378,0,1,4.65442e-5,0.999928,0.6449,-0.429969,28.1303,29.7277
379,0,1,-4.28906e-5,1.00002,0.644925,-0.429969,28.1303,29.7277
380,0,1,-7.80702e-5,1.00008,0.644867,-0.429902,28.1304,29.7278
381,0,1,-4.23396e-5,1.00006,0.644792,-0.429837,28.1304,29.7279
382,0,1,1.98873e-5,0.999995,0.644764,-0.429827,28.1305,29.7279
383,0,1,5.24278e-5,0.999949,0.644796,-0.429867,28.1305,29.7279
384,0,1,3.54032e-5,0.999954,0.644848,-0.429914,28.1305,29.728
385,0,1,-6.58076e-6,0.999995,0.644874,-0.429929,28.1306,29.728
386,0,1,-3.40731e-5,1.00003,0.644859,-0.429906,28.1306,29.728
387,0,1,-2.79686e-5,1.00003,0.644824,-0.429873,28.1306,29.7281
388,0,1,-5.42948e-7,1.00001,0.644801,-0.429858,28.1306,29.7281
389,0,1,2.13379e-5,0.999982,0.644807,-0.429869,28.1306,29.7281
390,0,1,2.11612e-5,0.999976,0.64483,-0.429893,28.1307,29.7281
391,0,1,3.88361e-6,0.999991,0.644848,-0.429906,28.1307,29.7281
392,0,1,-1.27693e-5,1.00001,0.644848,-0.429901,28.1307,29.7281
393,0,1,-1.54457e-5,1.00002,0.644833,-0.429885,28.1307,29.7282
394,0,1,-5.02783e-6,1.00001,0.644819,-0.429874,28.1307,29.7282
395,0,1,7.18892e-6,0.999995,0.644817,-0.429876,28.1307,29.7282
396,0,1,1.09171e-5,0.999989,0.644826,-0.429886,28.1307,29.7282
397,0,1,4.98941e-6,0.999993,0.644836,-0.429894,28.1307,29.7282
398,0,1,-3.68614e-6,1,0.644839,-0.429895,28.1307,29.7282
399,0,1,-7.48299e-6,1.00001,0.644834,-0.429889,28.1307,29.7282
400,0,1,-4.39038e-6,1.00001,0.644827,-0.429882,28.1307,29.7282
400,1,1,-4.39038e-6,1.00001,0.644827,-0.429882,28.1307,29.7282
400,1,1,-4.39036e-6,1.00001,0.644827,-0.429882,28.1307,29.7282
400,1,0,-4.39036e-6,1.00001,0.644827,-0.429882,28.1307,29.7282
401,1,0,-0.256991,1.36454,-0.601867,0.912117,29.4727,30.9749
402,1,0,0.716502,0.591821,-1.65689,1.72666,30.2873,32.0299
403,1,0,1.69207,-0.513627,-1.67493,1.4806,30.6037,32.312
404,1,0,1.89267,-0.965883,-0.856968,0.610815,31.4734,33.1299
405,1,0,1.32642,-0.537812,-0.0460348,-0.0415802,32.1258,33.9409
406,1,0,0.619374,0.232346,0.102892,0.00437314,32.3102,34.1645
407,1,0,0.374912,0.646243,-0.386307,0.559048,32.8649,34.6537
408,1,0,0.690091,0.446393,-0.97815,1.06217,33.368,35.2455
409,1,0,1.18751,-0.0714062,-1.17087,1.11748,33.5002,35.4482
410,1,0,1.42451,-0.41838,-0.89547,0.777894,33.8398,35.7236
411,1,0,1.26596,-0.350771,-0.477156,0.404636,34.2131,36.1419
412,1,0,0.926594,-0.0138063,-0.285931,0.307373,34.3268,36.3331
413,1,0,0.720736,0.260811,-0.427126,0.50466,34.5241,36.4749
414,1,0,0.78599,0.264259,-0.713841,0.772428,34.7919,36.7616
415,1,0,1.01034,0.0529162,-0.882096,0.878417,34.8983,36.9298
416,1,0,1.17736,-0.155169,-0.821461,0.772084,35.0046,37.0018
417,1,0,1.16428,-0.192168,-0.630994,0.585883,35.1908,37.1923
418,1,0,1.02099,-0.0654456,-0.493296,0.488058,35.2887,37.33
419,1,0,0.891969,0.0866323,-0.508381,0.538558,35.3419,37.3706
420,1,0,0.8786,0.135357,-0.630692,0.664114,35.4675,37.4929
421,1,0,0.966476,0.0638161,-0.737765,0.746653,35.55,37.6
422,1,0,1.06233,-0.0438018,-0.7462,0.728709,35.5783,37.628
423,1,0,1.08678,-0.0924588,-0.67069,0.646743,35.6602,37.7035
424,1,0,1.03561,-0.0556108,-0.590711,0.581113,35.7259,37.7834
425,1,0,0.966761,0.0182388,-0.572019,0.581412,35.7434,37.8069
426,1,0,0.939858,0.061201,-0.616379,0.633012,35.795,37.8512
427,1,0,0.967538,0.0452183,-0.674103,0.682924,35.8449,37.9089
428,1,0,1.01547,-0.00390162,-0.695521,0.69109,35.8585,37.9307
429,1,0,1.04041,-0.0391429,-0.671208,0.660006,35.8895,37.955
430,1,0,1.02718,-0.0349901,-0.630835,0.623413,35.9261,37.9954
431,1,0,0.99482,-0.0034031,-0.610607,0.612152,35.9382,38.0156
432,1,0,0.973717,0.0240476,-0.622512,0.629816,35.9559,38.0278
433,1,0,0.978507,0.0260308,-0.649896,0.655786,35.9819,38.0552
434,1,0,0.99966,0.00649743,-0.667201,0.667216,35.9933,38.0725
435,1,0,1.01647,-0.0140362,-0.66261,0.65802,36.0025,38.0789
436,1,0,1.01627,-0.0187204,-0.64462,0.640147,36.0204,38.0969
437,1,0,1.00294,-0.00721983,-0.630726,0.629968,36.0306,38.1108
438,1,0,0.990132,0.00761896,-0.631287,0.634047,36.0352,38.1146
439,1,0,0.988113,0.0130487,-0.642695,0.64597,36.0471,38.126
440,1,0,0.996163,0.00672479,-0.653343,0.654368,36.0555,38.1366
441,1,0,1.00556,-0.00366599,-0.654772,0.653208,36.0581,38.1395
442,1,0,1.00841,-0.00882009,-0.647837,0.645515,36.0658,38.1464
443,1,0,1.00382,-0.00570564,-0.639979,0.638946,36.0723,38.1543
444,1,0,0.99714,0.00135052,-0.637765,0.638576,36.0741,38.1567
445,1,0,0.994234,0.00577309,-0.641756,0.643352,36.0788,38.1607
446,1,0,0.996632,0.00455465,-0.647366,0.648283,36.0838,38.1663
447,1,0,1.00123,-8.6968e-5,-0.649698,0.649341,36.0852,38.1687
448,1,0,1.00383,-0.0036453,-0.647578,0.646514,36.088,38.1708
449,1,0,1.00276,-0.00347463,-0.643695,0.64294,36.0916,38.1747
450,1,0,0.999685,-0.00052691,-0.641579,0.641677,36.0929,38.1768
451,1,0,0.997537,0.00220436,-0.642558,0.643243,36.0944,38.1779
452,1,0,0.997852,0.0025542,-0.645163,0.645753,36.097,38.1805
453,1,0,0.999838,0.000758917,-0.646931,0.646968,36.0982,38.1822
454,1,0,1.00152,-0.0012593,-0.646611,0.646186,36.099,38.1828
455,1,0,1.00161,-0.00181715,-0.644918,0.644477,36.1007,38.1845
456,1,0,1.00037,-0.000781454,-0.643524,0.643427,36.1017,38.1859
457,1,0,0.999105,0.000661182,-0.643491,0.643742,36.1021,38.1863
458,1,0,0.99884,0.00125349,-0.64455,0.64487,36.1033,38.1873
459,1,0,0.999573,0.00070128,-0.645605,0.645719,36.1041,38.1884
460,1,0,1.00049,-0.000298439,-0.645802,0.645663,36.1043,38.1887
461,1,0,1.00081,-0.000838286,-0.645168,0.644944,36.1051,38.1893
462,1,0,1.0004,-0.000581357,-0.644399,0.64429,36.1057,38.1901
463,1,0,0.999759,9.03795e-5,-0.644147,0.644216,36.1059,38.1903
464,1,0,0.999449,0.000542333,-0.644503,0.644655,36.1063,38.1907
465,1,0,0.999653,0.0004564,-0.645046,0.645141,36.1068,38.1912
466,1,0,1.00009,1.95547e-5,-0.645296,0.645268,36.107,38.1915
467,1,0,1.00036,-0.000337805,-0.645114,0.645013,36.1072,38.1917
468,1,0,1.00028,-0.000343578,-0.644742,0.644665,36.1076,38.192
469,1,0,0.999988,-6.98083e-5,-0.644522,0.644527,36.1077,38.1923
470,1,0,0.99977,0.000200764,-0.6446,0.644664,36.1078,38.1923
471,1,0,0.999786,0.000249684,-0.644847,0.644906,36.1081,38.1926
472,1,0,0.999972,8.56966e-5,-0.645026,0.645033,36.1082,38.1928
473,1,0,1.00014,-0.000111917,-0.645008,0.644968,36.1083,38.1928
474,1,0,1.00016,-0.000175761,-0.644849,0.644806,36.1084,38.193
475,1,0,1.00004,-8.33152e-5,-0.64471,0.644698,36.1085,38.1931
476,1,0,0.999919,5.64398e-5,-0.644698,0.644721,36.1086,38.1932
477,1,0,0.999887,0.000119985,-0.644796,0.644827,36.1087,38.1933
478,1,0,0.999953,7.24816e-5,-0.6449,0.644913,36.1088,38.1934
479,1,0,1.00004,-2.3363e-5,-0.644925,0.644912,36.1088,38.1934
480,1,0,1.00008,-7.93703e-5,-0.644867,0.644846,36.1089,38.1934
481,1,0,1.00004,-5.88696e-5,-0.644792,0.644781,36.1089,38.1935
482,1,0,0.99998,4.83934e-6,-0.644764,0.64477,36.109,38.1936
483,1,0,0.999948,5.07266e-5,-0.644796,0.64481,36.109,38.1936
484,1,0,0.999965,4.55144e-5,-0.644848,0.644858,36.109,38.1936
485,1,0,1.00001,4.57505e-6,-0.644874,0.644872,36.1091,38.1937
486,1,0,1.00003,-3.11364e-5,-0.644859,0.64485,36.1091,38.1937
487,1,0,1.00003,-3.3836e-5,-0.644824,0.644816,36.1091,38.1937
488,1,0,1,-8.54101e-6,-0.644801,0.644801,36.1091,38.1937
489,1,0,0.999979,1.81521e-5,-0.644807,0.644813,36.1091,38.1937
490,1,0,0.999979,2.4318e-5,-0.64483,0.644836,36.1092,38.1938
491,1,0,0.999996,9.44203e-6,-0.644848,0.644849,36.1092,38.1938
492,1,0,1.00001,-9.83552e-6,-0.644848,0.644844,36.1092,38.1938
493,1,0,1.00002,-1.69401e-5,-0.644833,0.644829,36.1092,38.1938
494,1,0,1.00001,-8.77372e-6,-0.644819,0.644818,36.1092,38.1938
495,1,0,0.999993,4.71681e-6,-0.644817,0.644819,36.1092,38.1938
496,1,0,0.999989,1.14431e-5,-0.644826,0.644829,36.1092,38.1938
497,1,0,0.999995,7.43306e-6,-0.644836,0.644838,36.1092,38.1938
498,1,0,1,-1.72204e-6,-0.644839,0.644838,36.1092,38.1938
499,1,0,1.00001,-7.48455e-6,-0.644834,0.644832,36.1092,38.1939
500,1,0,1,-5.92732e-6,-0.644827,0.644826,36.1092,38.1939
500,1,1,1,-5.92732e-6,-0.644827,0.644826,36.1092,38.1939
500,1,1,1,-5.92729e-6,-0.644827,0.644826,36.1092,38.1939
500,0,1,1,-5.92729e-6,-0.644827,0.644826,36.1092,38.1939
501,0,1,1.25699,-0.364542,0.601867,-0.697174,37.4512,39.4406
502,0,1,0.283498,0.408179,1.65689,-1.51171,38.2658,40.4956
503,0,1,-0.692073,1.51363,1.67493,-1.26565,38.5822,40.7776
504,0,1,-0.892674,1.96588,0.856968,-0.395872,39.4519,41.5956
505,0,1,-0.326423,1.53781,0.0460348,0.256523,40.1043,42.4065
506,0,1,0.380626,0.767654,-0.102892,0.21057,40.2887,42.6301
507,0,1,0.625088,0.353757,0.386307,-0.344105,40.8434,43.1193
508,0,1,0.309909,0.553607,0.97815,-0.847225,41.3465,43.7112
509,0,1,-0.187507,1.07141,1.17087,-0.902534,41.4787,43.9138
510,0,1,-0.424509,1.41838,0.89547,-0.56295,41.8183,44.1892
511,0,1,-0.265962,1.35077,0.477156,-0.189692,42.1916,44.6076
512,0,1,0.0734062,1.01381,0.285931,-0.0924301,42.3053,44.7988
513,0,1,0.279264,0.739189,0.427126,-0.289716,42.5026,44.9405
514,0,1,0.21401,0.735741,0.713841,-0.557484,42.7704,45.2272
515,0,1,-0.0103434,0.947084,0.882096,-0.663474,42.8768,45.3955
516,0,1,-0.177363,1.15517,0.821461,-0.55714,42.9831,45.4674
517,0,1,-0.164281,1.19217,0.630994,-0.37094,43.1693,45.6579
518,0,1,-0.0209933,1.06545,0.493296,-0.273115,43.2672,45.7956
519,0,1,0.108031,0.913368,0.508381,-0.323614,43.3204,45.8362
520,0,1,0.121401,0.864643,0.630692,-0.44917,43.446,45.9586
521,0,1,0.0335236,0.936184,0.737765,-0.531709,43.5285,46.0656
522,0,1,-0.0623302,1.0438,0.7462,-0.513766,43.5568,46.0936
523,0,1,-0.086783,1.09246,0.67069,-0.431799,43.6387,46.1691
524,0,1,-0.0356095,1.05561,0.590711,-0.36617,43.7044,46.2491
525,0,1,0.0332394,0.981761,0.572019,-0.366469,43.7219,46.2725
526,0,1,0.0601423,0.938799,0.616379,-0.418069,43.7735,46.3169
527,0,1,0.0324621,0.954782,0.674103,-0.467981,43.8234,46.3746
528,0,1,-0.0154708,1.0039,0.695521,-0.476147,43.837,46.3963
529,0,1,-0.0404136,1.03914,0.671208,-0.445063,43.868,46.4206
530,0,1,-0.0271804,1.03499,0.630835,-0.408469,43.9046,46.461
531,0,1,0.0051801,1.0034,0.610607,-0.397208,43.9167,46.4812
532,0,1,0.0262835,0.975952,0.622512,-0.414873,43.9344,46.4935
533,0,1,0.0214934,0.973969,0.649896,-0.440843,43.9604,46.5208
534,0,1,0.0003399,0.993503,0.667201,-0.452272,43.9718,46.5382
535,0,1,-0.016473,1.01404,0.66261,-0.443076,43.981,46.5445
536,0,1,-0.0162747,1.01872,0.64462,-0.425204,43.9989,46.5625
537,0,1,-0.00293793,1.00722,0.630726,-0.415024,44.0091,46.5764
538,0,1,0.00986824,0.992381,0.631287,-0.419104,44.0137,46.5802
539,0,1,0.0118871,0.986951,0.642695,-0.431027,44.0256,46.5916
540,0,1,0.00383743,0.993275,0.653343,-0.439425,44.034,46.6023
541,0,1,-0.00556388,1.00367,0.654772,-0.438265,44.0366,46.6051
542,0,1,-0.00840722,1.00882,0.647837,-0.430572,44.0443,46.612
543,0,1,-0.00382064,1.00571,0.639979,-0.424003,44.0508,46.6199
544,0,1,0.00285964,0.998649,0.637765,-0.423633,44.0526,46.6224
545,0,1,0.00576603,0.994227,0.641756,-0.428409,44.0573,46.6264
546,0,1,0.00336799,0.995445,0.647366,-0.43334,44.0623,46.632
547,0,1,-0.0012347,1.00009,0.649698,-0.434398,44.0637,46.6343
548,0,1,-0.00383298,1.00365,0.647578,-0.431571,44.0665,46.6364
549,0,1,-0.00275974,1.00347,0.643695,-0.427997,44.0701,46.6403
550,0,1,0.000314569,1.00053,0.641579,-0.426733,44.0714,46.6424
551,0,1,0.00246324,0.997796,0.642558,-0.428299,44.0729,46.6435
552,0,1,0.00214794,0.997446,0.645163,-0.430809,44.0755,46.6461
553,0,1,0.000161701,0.999241,0.646931,-0.432024,44.0767,46.6479
554,0,1,-0.00152209,1.00126,0.646611,-0.431243,44.0775,46.6484
555,0,1,-0.00160563,1.00182,0.644918,-0.429533,44.0792,46.6501
556,0,1,-0.000370455,1.00078,0.643524,-0.428483,44.0802,46.6515
557,0,1,0.000895243,0.999339,0.643491,-0.428799,44.0806,46.6519
558,0,1,0.00115964,0.998747,0.64455,-0.429927,44.0818,46.653
559,0,1,0.000427091,0.999299,0.645605,-0.430776,44.0826,46.654
560,0,1,-0.000491535,1.0003,0.645802,-0.43072,44.0828,46.6543
561,0,1,-0.000811585,1.00084,0.645168,-0.430001,44.0836,46.6549
562,0,1,-0.000404449,1.00058,0.644399,-0.429346,44.0842,46.6557
563,0,1,0.000241431,0.99991,0.644147,-0.429272,44.0844,46.656
564,0,1,0.000550825,0.999458,0.644503,-0.429712,44.0848,46.6563
565,0,1,0.000346562,0.999544,0.645046,-0.430197,44.0853,46.6569
566,0,1,-9.38285e-5,0.99998,0.645296,-0.430325,44.0855,46.6571
567,0,1,-0.000362124,1.00034,0.645114,-0.43007,44.0857,46.6573
568,0,1,-0.000278569,1.00034,0.644742,-0.429722,44.0861,46.6577
569,0,1,1.23802e-5,1.00007,0.644522,-0.429583,44.0862,46.6579
570,0,1,0.000229814,0.999799,0.6446,-0.429721,44.0863,46.658
571,0,1,0.000213662,0.99975,0.644847,-0.429962,44.0866,46.6582
572,0,1,2.79782e-5,0.999914,0.645026,-0.43009,44.0867,46.6584
573,0,1,-0.000139848,1.00011,0.645008,-0.430025,44.0868,46.6585
574,0,1,-0.000157782,1.00018,0.644849,-0.429862,44.0869,46.6586
575,0,1,-4.40062e-5,1.00008,0.64471,-0.429755,44.0871,46.6588
576,0,1,8.05855e-5,0.999944,0.644698,-0.429778,44.0871,46.6588
577,0,1,0.000112719,0.99988,0.644796,-0.429884,44.0872,46.6589
578,0,1,4.65435e-5,0.999928,0.6449,-0.429969,44.0873,46.659
579,0,1,-4.28895e-5,1.00002,0.644925,-0.429969,44.0873,46.659
580,0,1,-7.80689e-5,1.00008,0.644867,-0.429902,44.0874,46.6591
581,0,1,-4.23393e-5,1.00006,0.644792,-0.429837,44.0874,46.6592
582,0,1,1.98861e-5,0.999995,0.644764,-0.429827,44.0875,46.6592
583,0,1,5.24263e-5,0.999949,0.644796,-0.429867,44.0875,46.6592
584,0,1,3.5403e-5,0.999954,0.644848,-0.429914,44.0875,46.6593
585,0,1,-6.58064e-6,0.999995,0.644874,-0.429929,44.0876,46.6593
586,0,1,-3.40727e-5,1.00003,0.644859,-0.429906,44.0876,46.6593
587,0,1,-2.79684e-5,1.00003,0.644824,-0.429873,44.0876,46.6594
588,0,1,-5.42824e-7,1.00001,0.644801,-0.429858,44.0876,46.6594
589,0,1,2.13381e-5,0.999982,0.644807,-0.429869,44.0876,46.6594
590,0,1,2.11615e-5,0.999976,0.64483,-0.429893,44.0877,46.6594
591,0,1,3.88334e-6,0.999991,0.644848,-0.429906,44.0877,46.6594
592,0,1,-1.27694e-5,1.00001,0.644848,-0.429901,44.0877,46.6594
593,0,1,-1.5446e-5,1.00002,0.644833,-0.429885,44.0877,46.6594
594,0,1,-5.02747e-6,1.00001,0.644819,-0.429874,44.0877,46.6595
595,0,1,7.18973e-6,0.999995,0.644817,-0.429876,44.0877,46.6595
596,0,1,1.09175e-5,0.999989,0.644826,-0.429886,44.0877,46.6595
597,0,1,4.98929e-6,0.999993,0.644836,-0.429894,44.0877,46.6595
598,0,1,-3.68662e-6,1,0.644839,-0.429895,44.0877,46.6595
599,0,1,-7.48328e-6,1.00001,0.644834,-0.429889,44.0877,46.6595
600,0,1,-4.39034e-6,1.00001,0.644827,-0.429882,44.0877,46.6595
600,1,1,-4.39034e-6,1.00001,0.644827,-0.429882,44.0877,46.6595
600,1,1,-4.39032e-6,1.00001,0.644827,-0.429882,44.0877,46.6595
600,1,0,-4.39032e-6,1.00001,0.644827,-0.429882,44.0877,46.6595
601,1,0,-0.256991,1.36454,-0.601867,0.912117,45.4297,47.9062
602,1,0,0.716502,0.591821,-1.65689,1.72666,46.2443,48.9612
603,1,0,1.69207,-0.513627,-1.67493,1.4806,46.5607,49.2432
604,1,0,1.89267,-0.965883,-0.856968,0.610815,47.4304,50.0612
605,1,0,1.32642,-0.537812,-0.0460348,-0.0415802,48.0828,50.8721
606,1,0,0.619374,0.232346,0.102892,0.00437314,48.2672,51.0958
607,1,0,0.374912,0.646243,-0.386307,0.559048,48.8219,51.585
608,1,0,0.690091,0.446393,-0.97815,1.06217,49.325,52.1768
609,1,0,1.18751,-0.0714062,-1.17087,1.11748,49.4572,52.3795
610,1,0,1.42451,-0.41838,-0.89547,0.777894,49.7968,52.6549
611,1,0,1.26596,-0.350771,-0.477156,0.404636,50.1701,53.0732
612,1,0,0.926594,-0.0138063,-0.285931,0.307373,50.2838,53.2644
613,1,0,0.720736,0.260811,-0.427126,0.50466,50.4811,53.4061
614,1,0,0.78599,0.264259,-0.713841,0.772428,50.7489,53.6929
615,1,0,1.01034,0.0529162,-0.882096,0.878417,50.8553,53.8611
616,1,0,1.17736,-0.155169,-0.821461,0.772084,50.9616,53.9331
617,1,0,1.16428,-0.192168,-0.630994,0.585883,51.1478,54.1235
618,1,0,1.02099,-0.0654456,-0.493296,0.488058,51.2457,54.2612
619,1,0,0.891969,0.0866323,-0.508381,0.538558,51.2989,54.3019
620,1,0,0.8786,0.135357,-0.630692,0.664114,51.4245,54.4242
621,1,0,0.966476,0.0638161,-0.737765,0.746653,51.507,54.5313
622,1,0,1.06233,-0.0438018,-0.7462,0.728709,51.5353,54.5592
623,1,0,1.08678,-0.0924588,-0.67069,0.646743,51.6172,54.6348
624,1,0,1.03561,-0.0556108,-0.590711,0.581113,51.6829,54.7147
625,1,0,0.966761,0.0182388,-0.572019,0.581412,51.7004,54.7381
626,1,0,0.939858,0.061201,-0.616379,0.633012,51.752,54.7825
627,1,0,0.967538,0.0452183,-0.674103,0.682924,51.8019,54.8402
628,1,0,1.01547,-0.00390162,-0.695521,0.69109,51.8155,54.862
629,1,0,1.04041,-0.0391429,-0.671208,0.660006,51.8465,54.8863
630,1,0,1.02718,-0.0349901,-0.630835,0.623413,51.8831,54.9266
631,1,0,0.99482,-0.0034031,-0.610607,0.612152,51.8952,54.9469
632,1,0,0.973717,0.0240476,-0.622512,0.629816,51.9129,54.9591
633,1,0,0.978507,0.0260308,-0.649896,0.655786,51.9389,54.9865
634,1,0,0.99966,0.00649743,-0.667201,0.667216,51.9503,55.0038
635,1,0,1.01647,-0.0140362,-0.66261,0.65802,51.9595,55.0102
636,1,0,1.01627,-0.0187204,-0.64462,0.640147,51.9774,55.0282
637,1,0,1.00294,-0.00721983,-0.630726,0.629968,51.9876,55.0421
638,1,0,0.990132,0.00761896,-0.631287,0.634047,51.9922,55.0459
639,1,0,0.988113,0.0130487,-0.642695,0.64597,52.0041,55.0573
640,1,0,0.996163,0.00672479,-0.653343,0.654368,52.0125,55.0679
641,1,0,1.00556,-0.00366598,-0.654772,0.653208,52.0151,55.0708
642,1,0,1.00841,-0.00882009,-0.647837,0.645515,52.0228,55.0777
643,1,0,1.00382,-0.00570563,-0.639979,0.638946,52.0293,55.0855
644,1,0,0.99714,0.00135052,-0.637765,0.638576,52.0311,55.088
645,1,0,0.994234,0.00577308,-0.641756,0.643352,52.0358,55.092
646,1,0,0.996632,0.00455465,-0.647366,0.648283,52.0408,55.0976
647,1,0,1.00123,-8.69671e-5,-0.649698,0.649341,52.0422,55.1
648,1,0,1.00383,-0.00364529,-0.647578,0.646514,52.045,55.1021
649,1,0,1.00276,-0.00347463,-0.643695,0.64294,52.0486,55.106
650,1,0,0.999685,-0.00052691,-0.641579,0.641677,52.0499,55.1081
651,1,0,0.997537,0.00220436,-0.642558,0.643243,52.0514,55.1091
652,1,0,0.997852,0.0025542,-0.645163,0.645753,52.054,55.1117
653,1,0,0.999838,0.000758916,-0.646931,0.646968,52.0552,55.1135
654,1,0,1.00152,-0.00125931,-0.646611,0.646186,52.056,55.1141
655,1,0,1.00161,-0.00181715,-0.644918,0.644477,52.0577,55.1158
656,1,0,1.00037,-0.000781454,-0.643524,0.643427,52.0587,55.1172
657,1,0,0.999105,0.000661183,-0.643491,0.643742,52.0591,55.1175
658,1,0,0.99884,0.00125349,-0.64455,0.64487,52.0603,55.1186
659,1,0,0.999573,0.00070128,-0.645605,0.645719,52.0611,55.1197
660,1,0,1.00049,-0.000298439,-0.645802,0.645663,52.0613,55.1199
661,1,0,1.00081,-0.000838285,-0.645168,0.644944,52.0621,55.1206
662,1,0,1.0004,-0.000581357,-0.644399,0.64429,52.0627,55.1213
663,1,0,0.999759,9.03782e-5,-0.644147,0.644216,52.0629,55.1216
664,1,0,0.999449,0.000542331,-0.644503,0.644655,52.0633,55.122
665,1,0,0.999653,0.000456399,-0.645046,0.645141,52.0638,55.1225
666,1,0,1.00009,1.95554e-5,-0.645296,0.645268,52.064,55.1228
667,1,0,1.00036,-0.000337803,-0.645114,0.645013,52.0642,55.1229
668,1,0,1.00028,-0.000343577,-0.644742,0.644665,52.0646,55.1233
669,1,0,0.999988,-6.98084e-5,-0.644522,0.644527,52.0647,55.1235
670,1,0,0.99977,0.000200762,-0.6446,0.644664,52.0648,55.1236
671,1,0,0.999786,0.000249683,-0.644847,0.644906,52.0651,55.1239
672,1,0,0.999972,8.56965e-5,-0.645026,0.645033,52.0652,55.1241
673,1,0,1.00014,-0.000111917,-0.645008,0.644968,52.0653,55.1241
674,1,0,1.00016,-0.000175761,-0.644849,0.644806,52.0654,55.1243
675,1,0,1.00004,-8.33152e-5,-0.64471,0.644698,52.0656,55.1244
676,1,0,0.999919,5.64393e-5,-0.644698,0.644721,52.0656,55.1244
677,1,0,0.999887,0.000119984,-0.644796,0.644827,52.0657,55.1245
678,1,0,0.999953,7.24813e-5,-0.6449,0.644913,52.0658,55.1246
679,1,0,1.00004,-2.33626e-5,-0.644925,0.644912,52.0658,55.1247
680,1,0,1.00008,-7.93696e-5,-0.644867,0.644846,52.0659,55.1247
681,1,0,1.00004,-5.88694e-5,-0.644792,0.644781,52.0659,55.1248
682,1,0,0.99998,4.83879e-6,-0.644764,0.64477,52.066,55.1248
683,1,0,0.999948,5.07261e-5,-0.644796,0.64481,52.066,55.1249
684,1,0,0.999965,4.55142e-5,-0.644848,0.644858,52.066,55.1249
685,1,0,1.00001,4.5751e-6,-0.644874,0.644872,52.0661,55.1249
686,1,0,1.00003,-3.11364e-5,-0.644859,0.64485,52.0661,55.125
687,1,0,1.00003,-3.38356e-5,-0.644824,0.644816,52.0661,55.125
688,1,0,1,-8.54096e-6,-0.644801,0.644801,52.0661,55.125
689,1,0,0.999979,1.81516e-5,-0.644807,0.644813,52.0661,55.125
690,1,0,0.999979,2.43174e-5,-0.64483,0.644836,52.0662,55.1251
691,1,0,0.999996,9.44169e-6,-0.644848,0.644849,52.0662,55.1251
692,1,0,1.00001,-9.83491e-6,-0.644848,0.644844,52.0662,55.1251
693,1,0,1.00002,-1.69391e-5,-0.644833,0.644829,52.0662,55.1251
694,1,0,1.00001,-8.77314e-6,-0.644819,0.644818,52.0662,55.1251
695,1,0,0.999993,4.71642e-6,-0.644817,0.644819,52.0662,55.1251
696,1,0,0.999989,1.14423e-5,-0.644826,0.644829,52.0662,55.1251
697,1,0,0.999995,7.43259e-6,-0.644836,0.644838,52.0662,55.1251
698,1,0,1,-1.72172e-6,-0.644839,0.644838,52.0662,55.1251
699,1,0,1.00001,-7.48383e-6,-0.644834,0.644832,52.0662,55.1251
700,1,0,1,-5.92693e-6,-0.644827,0.644826,52.0662,55.1251
700,1,1,1,-5.92693e-6,-0.644827,0.644826,52.0662,55.1251
700,1,1,1,-5.9269e-6,-0.644827,0.644826,52.0662,55.1251
700,0,1,1,-5.9269e-6,-0.644827,0.644826,52.0662,55.1251
701,0,1,1.25699,-0.364542,0.601867,-0.697174,53.4082,56.3718
702,0,1,0.283498,0.408179,1.65689,-1.51171,54.2228,57.4269
703,0,1,-0.692073,1.51363,1.67493,-1.26565,54.5392,57.7089
704,0,1,-0.892674,1.96588,0.856968,-0.395872,55.4089,58.5269
705,0,1,-0.326423,1.53781,0.0460348,0.256523,56.0613,59.3378
706,0,1,0.380626,0.767654,-0.102892,0.21057,56.2457,59.5614
707,0,1,0.625088,0.353757,0.386307,-0.344105,56.8004,60.0506
708,0,1,0.309909,0.553607,0.97815,-0.847225,57.3035,60.6425
709,0,1,-0.187507,1.07141,1.17087,-0.902534,57.4357,60.8451
710,0,1,-0.424509,1.41838,0.89547,-0.56295,57.7753,61.1205
711,0,1,-0.265962,1.35077,0.477156,-0.189692,58.1486,61.5388
712,0,1,0.0734062,1.01381,0.285931,-0.0924301,58.2623,61.7301
713,0,1,0.279264,0.739189,0.427126,-0.289716,58.4596,61.8718
714,0,1,0.21401,0.735741,0.713841,-0.557484,58.7274,62.1585
715,0,1,-0.0103434,0.947084,0.882096,-0.663474,58.8338,62.3268
716,0,1,-0.177363,1.15517,0.821461,-0.55714,58.9401,62.3987
717,0,1,-0.164281,1.19217,0.630994,-0.37094,59.1263,62.5892
718,0,1,-0.0209933,1.06545,0.493296,-0.273115,59.2242,62.7269
719,0,1,0.108031,0.913368,0.508381,-0.323614,59.2774,62.7675
720,0,1,0.1214,0.864643,0.630692,-0.44917,59.403,62.8898
721,0,1,0.0335236,0.936184,0.737765,-0.531709,59.4855,62.9969
722,0,1,-0.0623302,1.0438,0.7462,-0.513766,59.5138,63.0249
723,0,1,-0.086783,1.09246,0.67069,-0.431799,59.5957,63.1004
724,0,1,-0.0356096,1.05561,0.590711,-0.36617,59.6614,63.1804
725,0,1,0.0332394,0.981761,0.572019,-0.366469,59.6789,63.2038
726,0,1,0.0601423,0.938799,0.616379,-0.418069,59.7305,63.2481
727,0,1,0.0324621,0.954782,0.674103,-0.467981,59.7804,63.3059
728,0,1,-0.0154708,1.0039,0.695521,-0.476147,59.794,63.3276
729,0,1,-0.0404136,1.03914,0.671208,-0.445063,59.825,63.3519
730,0,1,-0.0271804,1.03499,0.630835,-0.408469,59.8616,63.3923
731,0,1,0.00518009,1.0034,0.610607,-0.397208,59.8737,63.4125
732,0,1,0.0262835,0.975952,0.622512,-0.414873,59.8914,63.4248
733,0,1,0.0214934,0.973969,0.649896,-0.440843,59.9174,63.4521
734,0,1,0.000339902,0.993503,0.667201,-0.452272,59.9288,63.4694
735,0,1,-0.016473,1.01404,0.66261,-0.443076,59.938,63.4758
736,0,1,-0.0162747,1.01872,0.64462,-0.425204,59.9559,63.4938
737,0,1,-0.00293793,1.00722,0.630726,-0.415024,59.9661,63.5077
738,0,1,0.00986823,0.992381,0.631287,-0.419104,59.9707,63.5115
739,0,1,0.0118871,0.986951,0.642695,-0.431027,59.9826,63.5229
740,0,1,0.00383743,0.993275,0.653343,-0.439425,59.991,63.5336
741,0,1,-0.00556388,1.00367,0.654772,-0.438265,59.9936,63.5364
742,0,1,-0.00840722,1.00882,0.647837,-0.430572,60.0013,63.5433
743,0,1,-0.00382064,1.00571,0.639979,-0.424003,60.0078,63.5512
744,0,1,0.00285964,0.998649,0.637765,-0.423633,60.0096,63.5537
745,0,1,0.00576603,0.994227,0.641756,-0.428409,60.0143,63.5577
746,0,1,0.00336799,0.995445,0.647366,-0.43334,60.0193,63.5633
747,0,1,-0.0012347,1.00009,0.649698,-0.434398,60.0207,63.5656
748,0,1,-0.00383297,1.00365,0.647578,-0.431571,60.0235,63.5677
749,0,1,-0.00275974,1.00347,0.643695,-0.427997,60.0271,63.5716
750,0,1,0.000314567,1.00053,0.641579,-0.426733,60.0284,63.5737
751,0,1,0.00246324,0.997796,0.642558,-0.428299,60.0299,63.5748
752,0,1,0.00214794,0.997446,0.645163,-0.430809,60.0325,63.5774
753,0,1,0.000161701,0.999241,0.646931,-0.432024,60.0337,63.5792
754,0,1,-0.00152209,1.00126,0.646611,-0.431243,60.0345,63.5797
755,0,1,-0.00160563,1.00182,0.644918,-0.429533,60.0362,63.5814
756,0,1,-0.000370455,1.00078,0.643524,-0.428483,60.0372,63.5828
757,0,1,0.000895243,0.999339,0.643491,-0.428799,60.0376,63.5832
758,0,1,0.00115964,0.998747,0.64455,-0.429927,60.0388,63.5842
759,0,1,0.000427091,0.999299,0.645605,-0.430776,60.0396,63.5853
760,0,1,-0.000491537,1.0003,0.645802,-0.43072,60.0398,63.5856
761,0,1,-0.000811586,1.00084,0.645168,-0.430001,60.0406,63.5862
762,0,1,-0.000404449,1.00058,0.644399,-0.429346,60.0412,63.587
763,0,1,0.000241432,0.99991,0.644147,-0.429272,60.0414,63.5873
764,0,1,0.000550826,0.999458,0.644503,-0.429712,60.0418,63.5876
765,0,1,0.000346562,0.999544,0.645046,-0.430197,60.0423,63.5882
766,0,1,-9.38295e-5,0.99998,0.645296,-0.430325,60.0425,63.5884
767,0,1,-0.000362124,1.00034,0.645114,-0.43007,60.0427,63.5886
768,0,1,-0.00027857,1.00034,0.644742,-0.429722,60.0431,63.589
769,0,1,1.23816e-5,1.00007,0.644522,-0.429583,60.0432,63.5892
770,0,1,0.000229815,0.999799,0.6446,-0.429721,60.0433,63.5893
771,0,1,0.000213662,0.99975,0.644847,-0.429962,60.0436,63.5895
772,0,1,2.79768e-5,0.999914,0.645026,-0.43009,60.0437,63.5897
773,0,1,-0.00013985,1.00011,0.645008,-0.430025,60.0438,63.5898
774,0,1,-0.000157783,1.00018,0.644849,-0.429862,60.0439,63.5899
775,0,1,-4.40055e-5,1.00008,0.64471,-0.429755,60.044,63.59
776,0,1,8.05866e-5,0.999944,0.644698,-0.429778,60.0441,63.5901
777,0,1,0.00011272,0.99988,0.644796,-0.429884,60.0442,63.5902
778,0,1,4.65431e-5,0.999928,0.6449,-0.429969,60.0443,63.5903
779,0,1,-4.28909e-5,1.00002,0.644925,-0.429969,60.0443,63.5903
780,0,1,-7.80696e-5,1.00008,0.644867,-0.429902,60.0444,63.5904
781,0,1,-4.2339e-5,1.00006,0.644792,-0.429837,60.0444,63.5905
782,0,1,1.98872e-5,0.999995,0.644764,-0.429827,60.0445,63.5905
783,0,1,5.24272e-5,0.999949,0.644796,-0.429867,60.0445,63.5905
784,0,1,3.54028e-5,0.999954,0.644848,-0.429914,60.0445,63.5906
785,0,1,-6.58113e-6,0.999995,0.644874,-0.429929,60.0446,63.5906
786,0,1,-3.40733e-5,1.00003,0.644859,-0.429906,60.0446,63.5906
787,0,1,-2.79685e-5,1.00003,0.644824,-0.429873,60.0446,63.5906
788,0,1,-5.42579e-7,1.00001,0.644801,-0.429858,60.0446,63.5907
789,0,1,2.13383e-5,0.999982,0.644807,-0.429869,60.0446,63.5907
790,0,1,2.11613e-5,0.999976,0.64483,-0.429893,60.0447,63.5907
791,0,1,3.88345e-6,0.999991,0.644848,-0.429906,60.0447,63.5907
792,0,1,-1.27695e-5,1.00001,0.644848,-0.429901,60.0447,63.5907
793,0,1,-1.54458e-5,1.00002,0.644833,-0.429885,60.0447,63.5907
794,0,1,-5.02774e-6,1.00001,0.644819,-0.429874,60.0447,63.5907
795,0,1,7.18911e-6,0.999995,0.644817,-0.429876,60.0447,63.5907
796,0,1,1.09172e-5,0.999989,0.644826,-0.429886,60.0447,63.5908
797,0,1,4.98938e-6,0.999993,0.644836,-0.429894,60.0447,63.5908
798,0,1,-3.686e-6,1,0.644839,-0.429895,60.0447,63.5908
799,0,1,-7.48281e-6,1.00001,0.644834,-0.429889,60.0447,63.5908
800,0,1,-4.39038e-6,1.00001,0.644827,-0.429882,60.0447,63.5908
800,1,1,-4.39038e-6,1.00001,0.644827,-0.429882,60.0447,63.5908
800,1,1,-4.39038e-6,1.00001,0.644827,-0.429882,60.0447,63.5908
